name,position,team,GW,minutes,goals_scored,assists,clean_sheets,saves,penalties_saved,penalties_missed,bonus,goals_conceded,yellow_cards,red_cards,own_goals,expected_goals,expected_assists,expected_goal_involvements,expected_goals_conceded,team_standing,sched_strength
Aaron Connolly,FWD,Brighton,4,0.0,0.0,0.0,0.0,0.0,0.0,0.0,0.0,0.0,0.0,0.0,0.0,0.0,0.0,0.0,0.0,3.75,8.2
Aaron Cresswell,DEF,West Ham,4,0.0,0.0,0.0,0.0,0.0,0.0,0.0,0.0,0.0,0.0,0.0,0.0,0.0,0.0,0.0,0.0,5.25,9.0
Aaron Hickey,DEF,Brentford,4,79.75,0.0,0.0,0.25,0.0,0.0,0.0,0.0,1.25,0.5,0.0,0.0,0.0175,0.03,0.0475,1.05,7.25,14.4
Aaron Ramsdale,GK,Arsenal,4,90.0,0.0,0.0,0.25,1.25,0.0,0.0,0.0,1.0,0.0,0.0,0.0,0.0,0.0025,0.0025,0.9325,4.25,9.8
Aaron Ramsey,MID,Burnley,4,11.0,0.0,0.0,0.0,0.0,0.0,0.0,0.0,0.0,0.0,0.0,0.0,0.0,0.005,0.005,0.15,18.75,10.8
Aaron Wan-Bissaka,DEF,Man Utd,4,83.75,0.0,0.25,0.25,0.0,0.0,0.0,0.75,1.5,0.5,0.0,0.0,0.0,0.2325,0.2325,1.7575,9.0,11.6
Abdoulaye Doucouré,MID,Everton,4,90.0,0.25,0.0,0.0,0.0,0.0,0.0,0.5,2.0,0.25,0.0,0.0,0.48250000000000004,0.065,0.5475000000000001,1.7525,18.25,10.2
Abdul Rahman Baba,DEF,Chelsea,4,0.0,0.0,0.0,0.0,0.0,0.0,0.0,0.0,0.0,0.0,0.0,0.0,0.0,0.0,0.0,0.0,11.5,12.8
Adam Davies,GK,Sheffield Utd,4,0.0,0.0,0.0,0.0,0.0,0.0,0.0,0.0,0.0,0.0,0.0,0.0,0.0,0.0,0.0,0.0,16.25,8.8
Adam Lallana,MID,Brighton,4,12.0,0.0,0.0,0.0,0.0,0.0,0.0,0.0,0.5,0.25,0.0,0.0,0.0,0.0125,0.0125,0.44999999999999996,3.75,8.2
Adam Smith,DEF,Bournemouth,4,0.0,0.0,0.0,0.0,0.0,0.0,0.0,0.0,0.0,0.0,0.0,0.0,0.0,0.0,0.0,0.0,14.0,11.2
Adam Webster,DEF,Brighton,4,45.0,0.0,0.0,0.0,0.0,0.0,0.0,0.0,1.0,0.25,0.0,0.0,0.0,0.015000000000000001,0.015000000000000001,1.3475000000000001,3.75,8.2
Adama Traoré,MID,Fulham,4,10.666666666666666,0.0,0.0,0.0,0.0,0.0,0.0,0.0,1.0,0.0,0.0,0.0,0.04,0.0,0.04,0.7999999999999999,10.75,11.4
Admiral Muskwe,FWD,Luton,4,0.0,0.0,0.0,0.0,0.0,0.0,0.0,0.0,0.0,0.0,0.0,0.0,0.0,0.0,0.0,0.0,18.25,11.4
Adrián San Miguel del Castillo,GK,Liverpool,4,0.0,0.0,0.0,0.0,0.0,0.0,0.0,0.0,0.0,0.0,0.0,0.0,0.0,0.0,0.0,0.0,5.5,9.0
Aidan Francis-Clarke,DEF,Luton,4,0.0,0.0,0.0,0.0,0.0,0.0,0.0,0.0,0.0,0.0,0.0,0.0,0.0,0.0,0.0,0.0,18.25,11.4
Albert Sambi Lokonga,MID,Arsenal,4,0.0,0.0,0.0,0.0,0.0,0.0,0.0,0.0,0.0,0.0,0.0,0.0,0.0,0.0,0.0,0.0,4.25,9.8
Alejandro Garnacho,MID,Man Utd,4,34.5,0.0,0.0,0.25,0.0,0.0,0.0,0.0,0.75,0.0,0.0,0.0,0.08249999999999999,0.0225,0.10500000000000001,0.7949999999999999,9.0,11.6
Alejo Véliz,FWD,Spurs,4,0.0,0.0,0.0,0.0,0.0,0.0,0.0,0.0,0.0,0.0,0.0,0.0,0.0,0.0,0.0,0.0,4.5,11.4
Aleksandar Mitrović,FWD,Fulham,4,8.0,0.0,0.0,0.0,0.0,0.0,0.0,0.0,0.0,0.0,0.0,0.0,0.04,0.005,0.045,0.15,10.75,11.4
Alex Iwobi,MID,Everton,4,35.0,0.0,0.0,0.0,0.0,0.0,0.0,0.0,0.75,0.0,0.0,0.0,0.08,0.08750000000000001,0.16749999999999998,0.9075,18.25,10.2
Alex Mighten,MID,Nott'm Forest,4,0.0,0.0,0.0,0.0,0.0,0.0,0.0,0.0,0.0,0.0,0.0,0.0,0.0,0.0,0.0,0.0,11.75,11.0
Alex Murphy,DEF,Newcastle,4,0.0,0.0,0.0,0.0,0.0,0.0,0.0,0.0,0.0,0.0,0.0,0.0,0.0,0.0,0.0,0.0,9.0,11.2
Alex Scott,MID,Bournemouth,4,0.0,0.0,0.0,0.0,0.0,0.0,0.0,0.0,0.0,0.0,0.0,0.0,0.0,0.0,0.0,0.0,14.0,11.2
Alex Telles,DEF,Man Utd,4,0.0,0.0,0.0,0.0,0.0,0.0,0.0,0.0,0.0,0.0,0.0,0.0,0.0,0.0,0.0,0.0,9.0,11.6
Alexander Isak,FWD,Newcastle,4,69.0,0.5,0.0,0.25,0.0,0.0,0.0,0.75,1.25,0.0,0.0,0.0,0.35,0.0225,0.3725,1.0075,9.0,11.2
Alexandre Moreno Lopera,DEF,Aston Villa,4,0.0,0.0,0.0,0.0,0.0,0.0,0.0,0.0,0.0,0.0,0.0,0.0,0.0,0.0,0.0,0.0,11.5,8.8
Alexis Mac Allister,MID,Liverpool,4,77.25,0.0,0.0,0.25,0.0,0.0,0.0,0.0,0.75,0.25,0.25,0.0,0.0,0.08,0.08,1.48,5.5,9.0
Alfie Doughty,DEF,Luton,4,41.0,0.0,0.0,0.0,0.0,0.0,0.0,0.0,1.6666666666666667,0.0,0.0,0.0,0.006666666666666667,0.06333333333333334,0.07,1.3266666666666664,18.25,11.4
Alfie Whiteman,GK,Spurs,4,0.0,0.0,0.0,0.0,0.0,0.0,0.0,0.0,0.0,0.0,0.0,0.0,0.0,0.0,0.0,0.0,4.5,11.4
Alisson Ramses Becker,GK,Liverpool,4,90.0,0.0,0.0,0.25,4.5,0.0,0.0,0.5,0.75,0.25,0.0,0.0,0.0,0.0,0.0,1.3075,5.5,9.0
Allan Campbell,MID,Luton,4,0.0,0.0,0.0,0.0,0.0,0.0,0.0,0.0,0.0,0.0,0.0,0.0,0.0,0.0,0.0,0.0,18.25,11.4
Allan Saint-Maximin,MID,Newcastle,4,0.0,0.0,0.0,0.0,0.0,0.0,0.0,0.0,0.0,0.0,0.0,0.0,0.0,0.0,0.0,0.0,9.0,11.2
Alphonse Areola,GK,West Ham,4,90.0,0.0,0.0,0.0,4.0,0.25,0.0,0.5,1.0,0.0,0.0,0.0,0.0,0.0,0.0,1.6925000000000001,5.25,9.0
Altay Bayindir,GK,Man Utd,4,0.0,0.0,0.0,0.0,0.0,0.0,0.0,0.0,0.0,0.0,0.0,0.0,0.0,0.0,0.0,0.0,9.0,11.6
Amad Diallo,MID,Man Utd,4,0.0,0.0,0.0,0.0,0.0,0.0,0.0,0.0,0.0,0.0,0.0,0.0,0.0,0.0,0.0,0.0,9.0,11.6
Amadou Onana,MID,Everton,4,90.0,0.0,0.0,0.0,0.0,0.0,0.0,0.0,2.0,0.0,0.0,0.0,0.030000000000000002,0.155,0.185,1.7525,18.25,10.2
Amari'i Bell,DEF,Luton,4,90.0,0.0,0.0,0.0,0.0,0.0,0.0,0.0,3.0,0.0,0.0,0.0,0.0,0.013333333333333334,0.013333333333333334,2.4166666666666665,18.25,11.4
Ameen Al-Dakhil,DEF,Burnley,4,90.0,0.0,0.0,0.0,0.0,0.0,0.0,0.0,3.6666666666666665,0.0,0.0,0.0,0.03,0.06666666666666667,0.09666666666666668,2.33,18.75,10.8
Anass Zaroury,MID,Burnley,4,10.0,0.0,0.0,0.0,0.0,0.0,0.0,0.0,0.3333333333333333,0.0,0.3333333333333333,0.0,0.013333333333333334,0.02,0.03333333333333333,0.4566666666666667,18.75,10.8
Andi Zeqiri,FWD,Brighton,4,0.0,0.0,0.0,0.0,0.0,0.0,0.0,0.0,0.0,0.0,0.0,0.0,0.0,0.0,0.0,0.0,3.75,8.2
Andre Brooks,MID,Sheffield Utd,4,4.75,0.0,0.0,0.0,0.0,0.0,0.0,0.0,0.25,0.0,0.0,0.0,0.0,0.0025,0.0025,0.03,16.25,8.8
Andreas Hoelgebaum Pereira,MID,Fulham,4,62.75,0.25,0.25,0.25,0.0,0.0,0.0,0.0,1.75,0.25,0.0,0.0,0.01,0.01,0.02,1.5825,10.75,11.4
Andrew Robertson,DEF,Liverpool,4,90.0,0.0,0.0,0.25,0.0,0.0,0.0,0.0,0.75,0.0,0.0,0.0,0.0,0.0925,0.0925,1.3075,5.5,9.0
Andrey Nascimento dos Santos,MID,Nott'm Forest,4,0.0,0.0,0.0,0.0,0.0,0.0,0.0,0.0,0.0,0.0,0.0,0.0,0.0,0.0,0.0,0.0,11.75,11.0
André Onana,GK,Man Utd,4,90.0,0.0,0.0,0.25,3.75,0.0,0.0,0.25,1.75,0.5,0.0,0.0,0.0,0.0,0.0,1.895,9.0,11.6
André Tavares Gomes,MID,Everton,4,0.0,0.0,0.0,0.0,0.0,0.0,0.0,0.0,0.0,0.0,0.0,0.0,0.0,0.0,0.0,0.0,18.25,10.2
Andy Lonergan,GK,Everton,4,0.0,0.0,0.0,0.0,0.0,0.0,0.0,0.0,0.0,0.0,0.0,0.0,0.0,0.0,0.0,0.0,18.25,10.2
Anel Ahmedhodžić,DEF,Sheffield Utd,4,90.0,0.0,0.0,0.0,0.0,0.0,0.0,0.0,1.75,0.5,0.0,0.0,0.12,0.0,0.12,2.37,16.25,8.8
Angelo Ogbonna,DEF,West Ham,4,27.75,0.0,0.0,0.0,0.0,0.0,0.0,0.0,0.25,0.0,0.0,0.0,0.0,0.0,0.0,0.425,5.25,9.0
Anis Slimane,MID,Sheffield Utd,4,2.5,0.0,0.0,0.0,0.0,0.0,0.0,0.0,0.0,0.25,0.0,0.0,0.0,0.0,0.0,0.0525,16.25,8.8
Anssumane Fati Vieira,MID,Brighton,4,0.0,0.0,0.0,0.0,0.0,0.0,0.0,0.0,0.0,0.0,0.0,0.0,0.0,0.0,0.0,0.0,3.75,8.2
Anthony Elanga,MID,Nott'm Forest,4,21.25,0.25,0.25,0.0,0.0,0.0,0.0,0.25,0.0,0.0,0.0,0.0,0.1125,0.1525,0.265,0.53,11.75,11.0
Anthony Gordon,MID,Newcastle,4,70.75,0.25,0.25,0.25,0.0,0.0,0.0,0.5,1.25,0.75,0.0,0.0,0.2375,0.155,0.39,0.96,9.0,11.2
Anthony Knockaert,MID,Fulham,4,0.0,0.0,0.0,0.0,0.0,0.0,0.0,0.0,0.0,0.0,0.0,0.0,0.0,0.0,0.0,0.0,10.75,11.4
Anthony Martial,FWD,Man Utd,4,32.5,0.0,0.0,0.0,0.0,0.0,0.0,0.0,0.75,0.0,0.0,0.0,0.0225,0.007500000000000001,0.03,0.535,9.0,11.6
Antoine Semenyo,FWD,Bournemouth,4,55.25,0.25,0.25,0.0,0.0,0.0,0.0,0.25,1.5,0.25,0.0,0.0,0.1525,0.0325,0.185,1.605,14.0,11.2
Antonee Robinson,DEF,Fulham,4,90.0,0.0,0.0,0.25,0.0,0.0,0.0,0.0,2.5,0.25,0.0,0.0,0.0,0.0325,0.0325,3.01,10.75,11.4
Antony Matheus dos Santos,MID,Man Utd,4,77.0,0.0,0.0,0.25,0.0,0.0,0.0,0.0,1.0,0.25,0.0,0.0,0.1675,0.155,0.3225,1.3625,9.0,11.6
Antwoine Hackford,FWD,Sheffield Utd,4,2.75,0.0,0.0,0.0,0.0,0.0,0.0,0.0,0.25,0.0,0.0,0.0,0.0,0.0,0.0,0.03,16.25,8.8
Aribim Pepple,FWD,Luton,4,0.0,0.0,0.0,0.0,0.0,0.0,0.0,0.0,0.0,0.0,0.0,0.0,0.0,0.0,0.0,0.0,18.25,11.4
Arijanet Muric,GK,Burnley,4,0.0,0.0,0.0,0.0,0.0,0.0,0.0,0.0,0.0,0.0,0.0,0.0,0.0,0.0,0.0,0.0,18.75,10.8
Armando Broja,FWD,Chelsea,4,0.0,0.0,0.0,0.0,0.0,0.0,0.0,0.0,0.0,0.0,0.0,0.0,0.0,0.0,0.0,0.0,11.5,12.8
Arnaut Danjuma Groeneveld,MID,Everton,4,62.5,0.25,0.0,0.0,0.0,0.0,0.0,0.0,1.5,0.0,0.0,0.0,0.435,0.039999999999999994,0.475,1.0725,18.25,10.2
Ashley Phillips,DEF,Spurs,4,0.0,0.0,0.0,0.0,0.0,0.0,0.0,0.0,0.0,0.0,0.0,0.0,0.0,0.0,0.0,0.0,4.5,11.4
Ashley Young,DEF,Everton,4,90.0,0.0,0.0,0.0,0.0,0.0,0.0,0.0,2.0,0.0,0.0,0.0,0.0175,0.16,0.1775,1.7525,18.25,10.2
Auston Trusty,DEF,Sheffield Utd,4,0.0,0.0,0.0,0.0,0.0,0.0,0.0,0.0,0.0,0.0,0.0,0.0,0.0,0.0,0.0,0.0,16.25,8.8
Axel Disasi,DEF,Chelsea,4,90.0,0.25,0.0,0.25,0.0,0.0,0.0,0.75,1.25,0.25,0.0,0.0,0.16749999999999998,0.1975,0.365,1.055,11.5,12.8
Aymeric Laporte,DEF,Man City,4,2.75,0.0,0.0,0.0,0.0,0.0,0.0,0.0,0.0,0.0,0.0,0.0,0.03,0.0,0.03,0.0175,1.75,7.8
Bailey Peacock-Farrell,GK,Burnley,4,0.0,0.0,0.0,0.0,0.0,0.0,0.0,0.0,0.0,0.0,0.0,0.0,0.0,0.0,0.0,0.0,18.75,10.8
Bart Verbruggen,GK,Brighton,4,45.0,0.0,0.0,0.0,1.5,0.0,0.0,0.0,1.0,0.0,0.0,0.0,0.0,0.0,0.0,1.1575,3.75,8.2
Bashir Humphreys,DEF,Chelsea,4,0.0,0.0,0.0,0.0,0.0,0.0,0.0,0.0,0.0,0.0,0.0,0.0,0.0,0.0,0.0,0.0,11.5,12.8
Ben Chilwell,DEF,Chelsea,4,73.75,0.0,0.25,0.25,0.0,0.0,0.0,0.5,1.0,0.25,0.0,0.0,0.175,0.315,0.49,0.79,11.5,12.8
Ben Davies,DEF,Spurs,4,7.0,0.0,0.25,0.0,0.0,0.0,0.0,0.0,0.0,0.0,0.0,0.0,0.14,0.0025,0.14250000000000002,0.1175,4.5,11.4
Ben Doak,MID,Liverpool,4,3.25,0.0,0.0,0.0,0.0,0.0,0.0,0.0,0.0,0.0,0.0,0.0,0.0,0.0,0.0,0.035,5.5,9.0
Ben Godfrey,DEF,Everton,4,0.25,0.0,0.0,0.0,0.0,0.0,0.0,0.0,0.0,0.0,0.0,0.0,0.0,0.0,0.0,0.0925,18.25,10.2
Ben Greenwood,DEF,Bournemouth,4,0.0,0.0,0.0,0.0,0.0,0.0,0.0,0.0,0.0,0.0,0.0,0.0,0.0,0.0,0.0,0.0,14.0,11.2
Ben Johnson,DEF,West Ham,4,0.0,0.0,0.0,0.0,0.0,0.0,0.0,0.0,0.0,0.0,0.0,0.0,0.0,0.0,0.0,0.0,5.25,9.0
Ben Mee,DEF,Brentford,4,20.0,0.0,0.0,0.0,0.0,0.0,0.0,0.0,0.5,0.0,0.0,0.0,0.0,0.04,0.04,0.505,7.25,14.4
Ben Osborn,MID,Sheffield Utd,4,48.0,0.0,0.0,0.0,0.0,0.0,0.0,0.0,0.75,0.25,0.0,0.0,0.03,0.024999999999999998,0.055,0.9075,16.25,8.8
Ben Pearson,MID,Bournemouth,4,0.0,0.0,0.0,0.0,0.0,0.0,0.0,0.0,0.0,0.0,0.0,0.0,0.0,0.0,0.0,0.0,14.0,11.2
Bendegúz Bolla,DEF,Wolves,4,0.0,0.0,0.0,0.0,0.0,0.0,0.0,0.0,0.0,0.0,0.0,0.0,0.0,0.0,0.0,0.0,16.0,9.8
Benjamin White,DEF,Arsenal,4,90.0,0.0,0.0,0.25,0.0,0.0,0.0,0.25,1.0,0.25,0.0,0.0,0.0,0.11,0.11,0.9325,4.25,9.8
Benoît Badiashile,DEF,Chelsea,4,0.0,0.0,0.0,0.0,0.0,0.0,0.0,0.0,0.0,0.0,0.0,0.0,0.0,0.0,0.0,0.0,11.5,12.8
Bernardo Veiga de Carvalho e Silva,MID,Man City,4,48.5,0.0,0.0,0.25,0.0,0.0,0.0,0.0,0.25,0.25,0.0,0.0,0.0,0.2,0.2,0.2575,1.75,7.8
Bernd Leno,GK,Fulham,4,90.0,0.0,0.0,0.25,5.5,0.0,0.0,1.25,2.5,0.0,0.0,0.0,0.0,0.0,0.0,3.01,10.75,11.4
Bertrand Traoré,MID,Aston Villa,4,2.25,0.0,0.0,0.0,0.0,0.0,0.0,0.0,0.0,0.0,0.0,0.0,0.0,0.0,0.0,0.1125,11.5,8.8
Billy Gilmour,MID,Brighton,4,60.25,0.0,0.5,0.25,0.0,0.0,0.0,0.5,1.0,0.0,0.0,0.0,0.05499999999999999,0.1375,0.1925,1.53,3.75,8.2
Bobby Clark,MID,Liverpool,4,0.0,0.0,0.0,0.0,0.0,0.0,0.0,0.0,0.0,0.0,0.0,0.0,0.0,0.0,0.0,0.0,5.5,9.0
Bobby De Cordova-Reid,MID,Fulham,4,68.0,0.25,0.25,0.0,0.0,0.0,0.0,0.0,2.0,0.25,0.0,0.0,0.4225,0.0125,0.43499999999999994,1.7974999999999999,10.75,11.4
Bobby Thomas,DEF,Burnley,4,0.0,0.0,0.0,0.0,0.0,0.0,0.0,0.0,0.0,0.0,0.0,0.0,0.0,0.0,0.0,0.0,18.75,10.8
Boubacar Kamara,MID,Aston Villa,4,90.0,0.0,0.0,0.25,0.0,0.0,0.0,0.25,2.25,0.25,0.0,0.0,0.0125,0.0225,0.035,1.83,11.5,8.8
Boubacar Traoré,MID,Wolves,4,4.0,0.0,0.0,0.0,0.0,0.0,0.0,0.0,0.5,0.0,0.0,0.0,0.0,0.0025,0.0025,0.2075,16.0,9.8
Braian Ojeda Rodríguez,MID,Nott'm Forest,4,0.0,0.0,0.0,0.0,0.0,0.0,0.0,0.0,0.0,0.0,0.0,0.0,0.0,0.0,0.0,0.0,11.75,11.0
Brandon Aguilera Zamora,MID,Nott'm Forest,4,0.0,0.0,0.0,0.0,0.0,0.0,0.0,0.0,0.0,0.0,0.0,0.0,0.0,0.0,0.0,0.0,11.75,11.0
Brandon Austin,GK,Spurs,4,0.0,0.0,0.0,0.0,0.0,0.0,0.0,0.0,0.0,0.0,0.0,0.0,0.0,0.0,0.0,0.0,4.5,11.4
Brandon Williams,DEF,Man Utd,4,0.0,0.0,0.0,0.0,0.0,0.0,0.0,0.0,0.0,0.0,0.0,0.0,0.0,0.0,0.0,0.0,9.0,11.6
Brennan Johnson,MID,Nott'm Forest,4,59.5,0.0,0.0,0.0,0.0,0.0,0.0,0.0,1.25,0.0,0.0,0.0,0.0825,0.007500000000000001,0.09000000000000001,0.735,11.75,11.0
Bruno Borges Fernandes,MID,Man Utd,4,90.0,0.25,0.25,0.25,0.0,0.0,0.0,0.75,1.75,0.5,0.0,0.0,0.5,0.44,0.94,1.895,9.0,11.6
Bruno Cavaco Jordão,MID,Wolves,4,0.0,0.0,0.0,0.0,0.0,0.0,0.0,0.0,0.0,0.0,0.0,0.0,0.0,0.0,0.0,0.0,16.0,9.8
Bruno Guimarães Rodriguez Moura,MID,Newcastle,4,88.5,0.0,0.0,0.0,0.0,0.0,0.0,0.0,1.75,0.5,0.0,0.0,0.045,0.085,0.13,1.26,9.0,11.2
Bryan Gil Salvatierra,MID,Spurs,4,0.0,0.0,0.0,0.0,0.0,0.0,0.0,0.0,0.0,0.0,0.0,0.0,0.0,0.0,0.0,0.0,4.5,11.4
Bryan Mbeumo,MID,Brentford,4,90.0,1.0,0.0,0.25,0.0,0.0,0.0,1.0,1.25,0.0,0.0,0.0,1.0050000000000001,0.23,1.2349999999999999,1.135,7.25,14.4
Bukayo Saka,MID,Arsenal,4,89.5,0.5,0.25,0.25,0.0,0.0,0.0,1.0,1.0,0.25,0.0,0.0,0.54,0.4,0.94,0.8674999999999999,4.25,9.8
Bénie Traoré,FWD,Sheffield Utd,4,68.0,0.0,0.0,0.0,0.0,0.0,0.0,0.0,1.0,0.0,0.0,0.0,0.0675,0.0675,0.135,1.72,16.25,8.8
CJ Egan-Riley,DEF,Burnley,4,0.0,0.0,0.0,0.0,0.0,0.0,0.0,0.0,0.0,0.0,0.0,0.0,0.0,0.0,0.0,0.0,18.75,10.8
Callum Hudson-Odoi,MID,Chelsea,4,0.0,0.0,0.0,0.0,0.0,0.0,0.0,0.0,0.0,0.0,0.0,0.0,0.0,0.0,0.0,0.0,11.5,12.8
Callum Wilson,FWD,Newcastle,4,24.0,0.5,0.0,0.0,0.0,0.0,0.0,0.25,1.0,0.0,0.0,0.0,0.365,0.0,0.365,0.35500000000000004,9.0,11.2
Calum Chambers,DEF,Aston Villa,4,0.0,0.0,0.0,0.0,0.0,0.0,0.0,0.0,0.0,0.0,0.0,0.0,0.0,0.0,0.0,0.0,11.5,8.8
Calvin Bassey,DEF,Fulham,4,26.25,0.0,0.0,0.0,0.0,0.0,0.0,0.0,0.75,0.0,0.25,0.0,0.0,0.0,0.0,1.4475,10.75,11.4
Cameron Archer,FWD,Sheffield Utd,4,19.75,0.25,0.25,0.0,0.0,0.0,0.0,0.75,0.5,0.25,0.0,0.0,0.0425,0.0,0.0425,0.6225,16.25,8.8
Caoimhin Kelleher,GK,Liverpool,4,0.0,0.0,0.0,0.0,0.0,0.0,0.0,0.0,0.0,0.0,0.0,0.0,0.0,0.0,0.0,0.0,5.5,9.0
Carlos Baleba,MID,Brighton,4,0.0,0.0,0.0,0.0,0.0,0.0,0.0,0.0,0.0,0.0,0.0,0.0,0.0,0.0,0.0,0.0,3.75,8.2
Carlos Henrique Casimiro,MID,Man Utd,4,90.0,0.25,0.0,0.25,0.0,0.0,0.0,0.0,1.75,0.0,0.0,0.0,0.3725,0.045,0.4175,1.895,9.0,11.6
Carlos Mendes Gomes,MID,Luton,4,0.0,0.0,0.0,0.0,0.0,0.0,0.0,0.0,0.0,0.0,0.0,0.0,0.0,0.0,0.0,0.0,18.25,11.4
Carlos Vinícius Alves Morais,FWD,Fulham,4,0.0,0.0,0.0,0.0,0.0,0.0,0.0,0.0,0.0,0.0,0.0,0.0,0.0,0.0,0.0,0.0,10.75,11.4
Carlton Morris,FWD,Luton,4,90.0,0.3333333333333333,0.3333333333333333,0.0,0.0,0.0,0.0,0.6666666666666666,3.0,0.0,0.0,0.0,0.45333333333333337,0.12333333333333334,0.5766666666666667,2.4166666666666665,18.25,11.4
Carney Chukwuemeka,MID,Chelsea,4,31.25,0.25,0.0,0.0,0.0,0.0,0.0,0.0,0.5,0.5,0.0,0.0,0.02,0.0475,0.0675,0.49,11.5,12.8
Cauley Woodrow,FWD,Luton,4,2.6666666666666665,0.0,0.0,0.0,0.0,0.0,0.0,0.0,0.6666666666666666,0.0,0.0,0.0,0.0,0.13,0.13,0.47333333333333333,18.25,11.4
Charlie Goode,DEF,Brentford,4,0.0,0.0,0.0,0.0,0.0,0.0,0.0,0.0,0.0,0.0,0.0,0.0,0.0,0.0,0.0,0.0,7.25,14.4
Charlie Taylor,DEF,Burnley,4,0.0,0.0,0.0,0.0,0.0,0.0,0.0,0.0,0.0,0.0,0.0,0.0,0.0,0.0,0.0,0.0,18.75,10.8
Cheick Doucouré,MID,Crystal Palace,4,90.0,0.0,0.0,0.25,0.0,0.0,0.0,0.0,1.0,0.25,0.0,0.0,0.03,0.0475,0.0775,1.2000000000000002,8.5,11.4
Cheikhou Kouyaté,MID,Nott'm Forest,4,9.75,0.0,0.0,0.0,0.0,0.0,0.0,0.0,0.25,0.25,0.0,0.0,0.005,0.005,0.01,0.395,11.75,11.0
Chiedozie Ogbene,FWD,Luton,4,13.0,0.0,0.0,0.0,0.0,0.0,0.0,0.0,1.0,0.0,0.0,0.0,0.01,0.006666666666666667,0.016666666666666666,0.68,18.25,11.4
Chris Basham,DEF,Sheffield Utd,4,35.75,0.0,0.0,0.0,0.0,0.0,0.0,0.0,0.75,0.0,0.0,0.0,0.0,0.0,0.0,0.765,16.25,8.8
Chris Mepham,DEF,Bournemouth,4,8.25,0.0,0.0,0.0,0.0,0.0,0.0,0.0,0.25,0.25,0.0,0.0,0.0,0.0025,0.0025,0.305,14.0,11.2
Chris Richards,DEF,Crystal Palace,4,0.0,0.0,0.0,0.0,0.0,0.0,0.0,0.0,0.0,0.0,0.0,0.0,0.0,0.0,0.0,0.0,8.5,11.4
Chris Wood,FWD,Nott'm Forest,4,10.25,0.25,0.0,0.0,0.0,0.0,0.0,0.5,0.0,0.0,0.0,0.0,0.03,0.01,0.04,0.1975,11.75,11.0
Christian Eriksen,MID,Man Utd,4,56.5,0.25,0.25,0.0,0.0,0.0,0.0,1.0,1.5,0.0,0.0,0.0,0.085,0.045,0.13,1.2850000000000001,9.0,11.6
Christian Nørgaard,MID,Brentford,4,82.25,0.0,0.25,0.25,0.0,0.0,0.0,0.0,1.25,0.0,0.0,0.0,0.0425,0.10250000000000001,0.14500000000000002,1.05,7.25,14.4
Christian Pulisic,MID,Chelsea,4,0.0,0.0,0.0,0.0,0.0,0.0,0.0,0.0,0.0,0.0,0.0,0.0,0.0,0.0,0.0,0.0,11.5,12.8
Christopher Nkunku,FWD,Chelsea,4,0.0,0.0,0.0,0.0,0.0,0.0,0.0,0.0,0.0,0.0,0.0,0.0,0.0,0.0,0.0,0.0,11.5,12.8
Clément Lenglet,DEF,Aston Villa,4,0.0,0.0,0.0,0.0,0.0,0.0,0.0,0.0,0.0,0.0,0.0,0.0,0.0,0.0,0.0,0.0,11.5,8.8
Cody Gakpo,FWD,Liverpool,4,52.25,0.0,0.0,0.0,0.0,0.0,0.0,0.0,0.75,0.0,0.0,0.0,0.06,0.025,0.085,0.64,5.5,9.0
Cole Palmer,MID,Man City,4,9.5,0.0,0.0,0.0,0.0,0.0,0.0,0.0,0.0,0.0,0.0,0.0,0.0,0.0325,0.0325,0.035,1.75,7.8
Connor Roberts,DEF,Burnley,4,90.0,0.0,0.0,0.0,0.0,0.0,0.0,0.0,3.6666666666666665,0.0,0.0,0.0,0.0,0.07666666666666666,0.07666666666666666,2.33,18.75,10.8
Conor Coventry,MID,West Ham,4,0.0,0.0,0.0,0.0,0.0,0.0,0.0,0.0,0.0,0.0,0.0,0.0,0.0,0.0,0.0,0.0,5.25,9.0
Conor Gallagher,MID,Chelsea,4,78.75,0.0,0.0,0.25,0.0,0.0,0.0,0.0,1.0,0.25,0.0,0.0,0.06,0.1025,0.1625,0.8075,11.5,12.8
Craig Dawson,DEF,Wolves,4,85.0,0.0,0.0,0.25,0.0,0.0,0.0,0.0,2.0,0.5,0.0,0.0,0.08,0.0225,0.10250000000000001,1.7475,16.0,9.8
Cristian Romero,DEF,Spurs,4,70.75,0.5,0.0,0.5,0.0,0.0,0.0,0.25,0.5,0.0,0.0,0.0,0.155,0.0075,0.1625,1.0025,4.5,11.4
Curtis Jones,MID,Liverpool,4,21.75,0.0,0.0,0.25,0.0,0.0,0.0,0.0,0.0,0.0,0.0,0.0,0.0,0.005,0.005,0.20249999999999999,5.5,9.0
Cédric Alves Soares,DEF,Arsenal,4,0.0,0.0,0.0,0.0,0.0,0.0,0.0,0.0,0.0,0.0,0.0,0.0,0.0,0.0,0.0,0.0,4.25,9.8
César Azpilicueta,DEF,Chelsea,4,0.0,0.0,0.0,0.0,0.0,0.0,0.0,0.0,0.0,0.0,0.0,0.0,0.0,0.0,0.0,0.0,11.5,12.8
Dan Burn,DEF,Newcastle,4,90.0,0.0,0.0,0.0,0.0,0.0,0.0,0.0,1.75,0.25,0.0,0.0,0.04,0.0075,0.0475,1.3399999999999999,9.0,11.2
Dan Potts,DEF,Luton,4,0.0,0.0,0.0,0.0,0.0,0.0,0.0,0.0,0.0,0.0,0.0,0.0,0.0,0.0,0.0,0.0,18.25,11.4
Dane Scarlett,FWD,Spurs,4,0.0,0.0,0.0,0.0,0.0,0.0,0.0,0.0,0.0,0.0,0.0,0.0,0.0,0.0,0.0,0.0,4.5,11.4
Dango Ouattara,MID,Bournemouth,4,0.0,0.0,0.0,0.0,0.0,0.0,0.0,0.0,0.0,0.0,0.0,0.0,0.0,0.0,0.0,0.0,14.0,11.2
Daniel Bentley,GK,Wolves,4,0.0,0.0,0.0,0.0,0.0,0.0,0.0,0.0,0.0,0.0,0.0,0.0,0.0,0.0,0.0,0.0,16.0,9.8
Daniel Castelo Podence,MID,Wolves,4,0.0,0.0,0.0,0.0,0.0,0.0,0.0,0.0,0.0,0.0,0.0,0.0,0.0,0.0,0.0,0.0,16.0,9.8
Daniel Gore,MID,Man Utd,4,0.0,0.0,0.0,0.0,0.0,0.0,0.0,0.0,0.0,0.0,0.0,0.0,0.0,0.0,0.0,0.0,9.0,11.6
Daniel Jebbison,FWD,Sheffield Utd,4,0.0,0.0,0.0,0.0,0.0,0.0,0.0,0.0,0.0,0.0,0.0,0.0,0.0,0.0,0.0,0.0,16.25,8.8
Danilo dos Santos de Oliveira,MID,Nott'm Forest,4,71.25,0.0,0.0,0.0,0.0,0.0,0.0,0.0,1.5,0.0,0.0,0.0,0.03,0.02,0.05,1.12,11.75,11.0
Danny Ings,FWD,West Ham,4,6.75,0.0,0.0,0.0,0.0,0.0,0.0,0.0,0.5,0.0,0.0,0.0,0.03,0.0025,0.0325,0.39249999999999996,5.25,9.0
Danny Welbeck,FWD,Brighton,4,48.0,0.0,0.0,0.25,0.0,0.0,0.0,0.0,0.5,0.0,0.0,0.0,0.13,0.0825,0.2125,0.8750000000000001,3.75,8.2
Dara Costelloe,MID,Burnley,4,0.0,0.0,0.0,0.0,0.0,0.0,0.0,0.0,0.0,0.0,0.0,0.0,0.0,0.0,0.0,0.0,18.75,10.8
Dara O'Shea,DEF,Burnley,4,90.0,0.0,0.0,0.0,0.0,0.0,0.0,0.0,3.6666666666666665,0.0,0.0,0.0,0.013333333333333334,0.006666666666666667,0.02,2.33,18.75,10.8
Darko Churlinov,MID,Burnley,4,0.0,0.0,0.0,0.0,0.0,0.0,0.0,0.0,0.0,0.0,0.0,0.0,0.0,0.0,0.0,0.0,18.75,10.8
Darren Randolph,GK,Bournemouth,4,0.0,0.0,0.0,0.0,0.0,0.0,0.0,0.0,0.0,0.0,0.0,0.0,0.0,0.0,0.0,0.0,14.0,11.2
Darwin Núñez Ribeiro,FWD,Liverpool,4,26.25,0.5,0.5,0.25,0.0,0.0,0.0,0.75,0.0,0.25,0.0,0.0,0.425,0.03,0.45499999999999996,0.3725,5.5,9.0
David Brooks,MID,Bournemouth,4,33.75,0.25,0.0,0.0,0.0,0.0,0.0,0.5,0.5,0.0,0.0,0.0,0.295,0.055,0.35,0.77,14.0,11.2
David Datro Fofana,FWD,Chelsea,4,0.0,0.0,0.0,0.0,0.0,0.0,0.0,0.0,0.0,0.0,0.0,0.0,0.0,0.0,0.0,0.0,11.5,12.8
David Raya Martin,GK,Brentford,4,0.0,0.0,0.0,0.0,0.0,0.0,0.0,0.0,0.0,0.0,0.0,0.0,0.0,0.0,0.0,0.0,7.25,14.4
Davinson Sánchez,DEF,Spurs,4,19.0,0.0,0.0,0.0,0.0,0.0,0.0,0.0,0.5,0.25,0.0,0.0,0.03,0.0075,0.0375,0.505,4.5,11.4
Dean Henderson,GK,Man Utd,4,0.0,0.0,0.0,0.0,0.0,0.0,0.0,0.0,0.0,0.0,0.0,0.0,0.0,0.0,0.0,0.0,9.0,11.6
Declan Rice,MID,Arsenal,4,90.0,0.25,0.0,0.25,0.0,0.0,0.0,0.75,1.0,0.0,0.0,0.0,0.12,0.09,0.21000000000000002,0.905,4.25,9.8
Deivid Washington de Souza Eugênio,FWD,Chelsea,4,0.0,0.0,0.0,0.0,0.0,0.0,0.0,0.0,0.0,0.0,0.0,0.0,0.0,0.0,0.0,0.0,11.5,12.8
Dejan Kulusevski,MID,Spurs,4,88.0,0.25,0.0,0.5,0.0,0.0,0.0,0.0,0.75,0.25,0.0,0.0,0.1175,0.1625,0.2775,1.4125,4.5,11.4
Dele Alli,MID,Everton,4,0.0,0.0,0.0,0.0,0.0,0.0,0.0,0.0,0.0,0.0,0.0,0.0,0.0,0.0,0.0,0.0,18.25,10.2
Demarai Gray,MID,Everton,4,0.0,0.0,0.0,0.0,0.0,0.0,0.0,0.0,0.0,0.0,0.0,0.0,0.0,0.0,0.0,0.0,18.25,10.2
Denis Franchi,GK,Burnley,4,0.0,0.0,0.0,0.0,0.0,0.0,0.0,0.0,0.0,0.0,0.0,0.0,0.0,0.0,0.0,0.0,18.75,10.8
Deniz Undav,FWD,Brighton,4,0.0,0.0,0.0,0.0,0.0,0.0,0.0,0.0,0.0,0.0,0.0,0.0,0.0,0.0,0.0,0.0,3.75,8.2
Destiny Udogie,DEF,Spurs,4,82.5,0.0,0.5,0.5,0.0,0.0,0.0,1.0,1.0,0.25,0.0,0.0,0.0375,0.12250000000000001,0.16,1.3875,4.5,11.4
Diego Carlos Santos Silva,DEF,Aston Villa,4,40.0,0.0,0.0,0.0,0.0,0.0,0.0,0.0,1.0,0.0,0.0,0.0,0.0925,0.0025,0.095,0.615,11.5,8.8
Diego Manuel Jadon da Silva Moreira,MID,Chelsea,4,0.0,0.0,0.0,0.0,0.0,0.0,0.0,0.0,0.0,0.0,0.0,0.0,0.0,0.0,0.0,0.0,11.5,12.8
Diogo Dalot Teixeira,DEF,Man Utd,4,51.0,0.0,0.0,0.0,0.0,0.0,0.0,0.0,1.5,0.0,0.0,0.0,0.0075,0.027500000000000004,0.035,1.0150000000000001,9.0,11.6
Diogo Teixeira da Silva,MID,Liverpool,4,49.25,0.25,0.5,0.0,0.0,0.0,0.0,0.5,0.5,0.25,0.0,0.0,0.19,0.07,0.26,0.58,5.5,9.0
Dion Pereira,MID,Luton,4,0.0,0.0,0.0,0.0,0.0,0.0,0.0,0.0,0.0,0.0,0.0,0.0,0.0,0.0,0.0,0.0,18.25,11.4
Divin Mubama,FWD,West Ham,4,0.0,0.0,0.0,0.0,0.0,0.0,0.0,0.0,0.0,0.0,0.0,0.0,0.0,0.0,0.0,0.0,5.25,9.0
Djed Spence,DEF,Spurs,4,0.0,0.0,0.0,0.0,0.0,0.0,0.0,0.0,0.0,0.0,0.0,0.0,0.0,0.0,0.0,0.0,4.5,11.4
Djordje Petrovic,GK,Chelsea,4,0.0,0.0,0.0,0.0,0.0,0.0,0.0,0.0,0.0,0.0,0.0,0.0,0.0,0.0,0.0,0.0,11.5,12.8
Dominic Calvert-Lewin,FWD,Everton,4,9.25,0.0,0.0,0.0,0.0,0.0,0.0,0.0,0.5,0.0,0.0,0.0,0.0,0.0,0.0,0.53,18.25,10.2
Dominic Solanke,FWD,Bournemouth,4,90.0,0.5,0.25,0.0,0.0,0.0,0.0,0.5,2.0,0.0,0.0,0.0,0.44,0.052500000000000005,0.49250000000000005,2.375,14.0,11.2
Dominik Szoboszlai,MID,Liverpool,4,90.0,0.25,0.25,0.25,0.0,0.0,0.0,0.5,0.75,0.0,0.0,0.0,0.07,0.1275,0.1975,1.3075,5.5,9.0
Donny van de Beek,MID,Man Utd,4,0.0,0.0,0.0,0.0,0.0,0.0,0.0,0.0,0.0,0.0,0.0,0.0,0.0,0.0,0.0,0.0,9.0,11.6
Douglas Luiz Soares de Paulo,MID,Aston Villa,4,77.25,0.25,0.0,0.25,0.0,0.0,0.0,0.0,2.25,0.5,0.0,0.0,0.245,0.10250000000000001,0.34750000000000003,1.705,11.5,8.8
Dwight McNeil,MID,Everton,4,3.75,0.0,0.0,0.0,0.0,0.0,0.0,0.0,0.0,0.0,0.0,0.0,0.0075,0.0025,0.01,0.12,18.25,10.2
Eberechi Eze,MID,Crystal Palace,4,90.0,0.25,0.0,0.25,0.0,0.0,0.0,0.25,1.0,0.0,0.0,0.0,0.435,0.23249999999999998,0.6675,1.2000000000000002,8.5,11.4
Eddie Beach,GK,Chelsea,4,0.0,0.0,0.0,0.0,0.0,0.0,0.0,0.0,0.0,0.0,0.0,0.0,0.0,0.0,0.0,0.0,11.5,12.8
Eddie Nketiah,FWD,Arsenal,4,67.5,0.5,0.25,0.5,0.0,0.0,0.0,0.5,0.5,0.0,0.0,0.0,0.385,0.0475,0.4325,0.48,4.25,9.8
Ederson Santana de Moraes,GK,Man City,4,90.0,0.0,0.0,0.5,1.25,0.0,0.0,0.0,0.5,0.0,0.0,0.0,0.0,0.005,0.005,0.6925,1.75,7.8
Edson Álvarez Velázquez,MID,West Ham,4,45.5,0.0,0.0,0.0,0.0,0.0,0.0,0.0,0.5,0.25,0.0,0.0,0.035,0.01,0.045,0.6799999999999999,5.25,9.0
Elijah Adebayo,FWD,Luton,4,67.33333333333333,0.0,0.0,0.0,0.0,0.0,0.0,0.0,1.3333333333333333,0.0,0.0,0.0,0.13333333333333333,0.05333333333333334,0.18666666666666665,1.31,18.25,11.4
Ellery Balcombe,GK,Brentford,4,0.0,0.0,0.0,0.0,0.0,0.0,0.0,0.0,0.0,0.0,0.0,0.0,0.0,0.0,0.0,0.0,7.25,14.4
Elliot Anderson,MID,Newcastle,4,16.0,0.0,0.0,0.0,0.0,0.0,0.0,0.0,0.75,0.0,0.0,0.0,0.0,0.025,0.025,0.295,9.0,11.2
Elliot Thorpe,MID,Luton,4,0.0,0.0,0.0,0.0,0.0,0.0,0.0,0.0,0.0,0.0,0.0,0.0,0.0,0.0,0.0,0.0,18.25,11.4
Ellis Simms,FWD,Everton,4,0.0,0.0,0.0,0.0,0.0,0.0,0.0,0.0,0.0,0.0,0.0,0.0,0.0,0.0,0.0,0.0,18.25,10.2
Emerson Leite de Souza Junior,DEF,Spurs,4,24.0,0.25,0.0,0.0,0.0,0.0,0.0,0.25,0.75,0.0,0.0,0.0,0.0125,0.035,0.0475,0.6,4.5,11.4
Emerson Palmieri dos Santos,DEF,West Ham,4,90.0,0.0,0.25,0.0,0.0,0.0,0.0,0.0,1.0,0.75,0.0,0.0,0.0075,0.1075,0.115,1.6925000000000001,5.25,9.0
Emil Krafth,DEF,Newcastle,4,0.0,0.0,0.0,0.0,0.0,0.0,0.0,0.0,0.0,0.0,0.0,0.0,0.0,0.0,0.0,0.0,9.0,11.2
Emile Smith Rowe,MID,Arsenal,4,0.0,0.0,0.0,0.0,0.0,0.0,0.0,0.0,0.0,0.0,0.0,0.0,0.0,0.0,0.0,0.0,4.25,9.8
Emiliano Buendía Stati,MID,Aston Villa,4,0.0,0.0,0.0,0.0,0.0,0.0,0.0,0.0,0.0,0.0,0.0,0.0,0.0,0.0,0.0,0.0,11.5,8.8
Emiliano Marcondes,MID,Bournemouth,4,0.0,0.0,0.0,0.0,0.0,0.0,0.0,0.0,0.0,0.0,0.0,0.0,0.0,0.0,0.0,0.0,14.0,11.2
Emiliano Martínez Romero,GK,Aston Villa,4,67.5,0.0,0.0,0.25,2.75,0.0,0.0,0.5,2.0,0.25,0.0,0.0,0.0,0.0,0.0,1.6475,11.5,8.8
Emmanuel Dennis,FWD,Nott'm Forest,4,0.0,0.0,0.0,0.0,0.0,0.0,0.0,0.0,0.0,0.0,0.0,0.0,0.0,0.0,0.0,0.0,11.75,11.0
Enock Agyei,MID,Burnley,4,0.0,0.0,0.0,0.0,0.0,0.0,0.0,0.0,0.0,0.0,0.0,0.0,0.0,0.0,0.0,0.0,18.75,10.8
Enso González,MID,Wolves,4,0.0,0.0,0.0,0.0,0.0,0.0,0.0,0.0,0.0,0.0,0.0,0.0,0.0,0.0,0.0,0.0,16.0,9.8
Enzo Fernández,MID,Chelsea,4,90.0,0.0,0.0,0.25,0.0,0.0,0.25,0.0,1.25,0.5,0.0,0.0,0.34,0.32,0.6599999999999999,1.055,11.5,12.8
Eric Bailly,DEF,Man Utd,4,0.0,0.0,0.0,0.0,0.0,0.0,0.0,0.0,0.0,0.0,0.0,0.0,0.0,0.0,0.0,0.0,9.0,11.6
Eric Dier,DEF,Spurs,4,0.0,0.0,0.0,0.0,0.0,0.0,0.0,0.0,0.0,0.0,0.0,0.0,0.0,0.0,0.0,0.0,4.5,11.4
Erling Haaland,FWD,Man City,4,87.25,1.5,0.25,0.5,0.0,0.0,0.25,1.5,0.5,0.0,0.0,0.0,1.135,0.045,1.18,0.675,1.75,7.8
Ethan Ampadu,DEF,Chelsea,4,0.0,0.0,0.0,0.0,0.0,0.0,0.0,0.0,0.0,0.0,0.0,0.0,0.0,0.0,0.0,0.0,11.5,12.8
Ethan Brierley,MID,Brentford,4,0.0,0.0,0.0,0.0,0.0,0.0,0.0,0.0,0.0,0.0,0.0,0.0,0.0,0.0,0.0,0.0,7.25,14.4
Ethan Horvath,GK,Nott'm Forest,4,0.0,0.0,0.0,0.0,0.0,0.0,0.0,0.0,0.0,0.0,0.0,0.0,0.0,0.0,0.0,0.0,11.75,11.0
Ethan Pinnock,DEF,Brentford,4,90.0,0.0,0.0,0.25,0.0,0.0,0.0,0.25,1.25,0.0,0.0,0.0,0.11499999999999999,0.0625,0.1775,1.135,7.25,14.4
Evan Ferguson,FWD,Brighton,4,51.25,1.0,0.0,0.25,0.0,0.0,0.0,0.75,1.0,0.0,0.0,0.0,0.64,0.0275,0.6675,1.375,3.75,8.2
Ezri Konsa Ngoyo,DEF,Aston Villa,4,90.0,0.0,0.0,0.25,0.0,0.0,0.0,0.0,2.25,0.0,0.0,0.0,0.0,0.005,0.005,1.83,11.5,8.8
Fabian Schär,DEF,Newcastle,4,90.0,0.0,0.0,0.0,0.0,0.0,0.0,0.0,1.75,0.25,0.0,0.0,0.030000000000000002,0.015,0.045,1.3399999999999999,9.0,11.2
Fabio Henrique Tavares,MID,Liverpool,4,0.0,0.0,0.0,0.0,0.0,0.0,0.0,0.0,0.0,0.0,0.0,0.0,0.0,0.0,0.0,0.0,5.5,9.0
Facundo Buonanotte,MID,Brighton,4,0.0,0.0,0.0,0.0,0.0,0.0,0.0,0.0,0.0,0.0,0.0,0.0,0.0,0.0,0.0,0.0,3.75,8.2
Facundo Pellistri Rebollo,MID,Man Utd,4,4.5,0.0,0.0,0.0,0.0,0.0,0.0,0.0,0.0,0.0,0.0,0.0,0.06,0.0025,0.0625,0.22249999999999998,9.0,11.6
Felipe Augusto de Almeida Monteiro,DEF,Nott'm Forest,4,0.0,0.0,0.0,0.0,0.0,0.0,0.0,0.0,0.0,0.0,0.0,0.0,0.0,0.0,0.0,0.0,11.75,11.0
Femi Seriki,DEF,Sheffield Utd,4,0.0,0.0,0.0,0.0,0.0,0.0,0.0,0.0,0.0,0.0,0.0,0.0,0.0,0.0,0.0,0.0,16.25,8.8
Filip Marschall,GK,Aston Villa,4,0.0,0.0,0.0,0.0,0.0,0.0,0.0,0.0,0.0,0.0,0.0,0.0,0.0,0.0,0.0,0.0,11.5,8.8
Flynn Downes,MID,West Ham,4,0.0,0.0,0.0,0.0,0.0,0.0,0.0,0.0,0.0,0.0,0.0,0.0,0.0,0.0,0.0,0.0,5.25,9.0
Folarin Balogun,FWD,Arsenal,4,0.0,0.0,0.0,0.0,0.0,0.0,0.0,0.0,0.0,0.0,0.0,0.0,0.0,0.0,0.0,0.0,4.25,9.8
Francisco Jorge Tomás Oliveira,MID,Wolves,4,0.0,0.0,0.0,0.0,0.0,0.0,0.0,0.0,0.0,0.0,0.0,0.0,0.0,0.0,0.0,0.0,16.0,9.8
Frank Onyeka,MID,Brentford,4,9.25,0.0,0.0,0.0,0.0,0.0,0.0,0.0,0.5,0.0,0.0,0.0,0.07250000000000001,0.1825,0.255,0.295,7.25,14.4
Fraser Forster,GK,Spurs,4,0.0,0.0,0.0,0.0,0.0,0.0,0.0,0.0,0.0,0.0,0.0,0.0,0.0,0.0,0.0,0.0,4.5,11.4
Fred Onyedinma,MID,Luton,4,0.0,0.0,0.0,0.0,0.0,0.0,0.0,0.0,0.0,0.0,0.0,0.0,0.0,0.0,0.0,0.0,18.25,11.4
Frederico Rodrigues de Paula Santos,MID,Man Utd,4,0.0,0.0,0.0,0.0,0.0,0.0,0.0,0.0,0.0,0.0,0.0,0.0,0.0,0.0,0.0,0.0,9.0,11.6
Fábio Ferreira Vieira,MID,Arsenal,4,11.75,0.0,0.75,0.0,0.0,0.0,0.0,0.0,0.25,0.0,0.0,0.0,0.01,0.0575,0.0675,0.0775,4.25,9.8
Fábio Silva,FWD,Wolves,4,53.25,0.0,0.0,0.25,0.0,0.0,0.0,0.0,1.25,0.0,0.0,0.0,0.28,0.022500000000000003,0.3025,1.1724999999999999,16.0,9.8
Gabriel Fernando de Jesus,FWD,Arsenal,4,3.75,0.25,0.0,0.0,0.0,0.0,0.0,0.5,0.0,0.25,0.0,0.0,0.2025,0.0125,0.215,0.045,4.25,9.8
Gabriel Martinelli Silva,MID,Arsenal,4,83.25,0.0,0.5,0.25,0.0,0.0,0.0,0.0,1.0,0.0,0.0,0.0,0.1975,0.1325,0.33,0.7475,4.25,9.8
Gabriel Osho,DEF,Luton,4,0.0,0.0,0.0,0.0,0.0,0.0,0.0,0.0,0.0,0.0,0.0,0.0,0.0,0.0,0.0,0.0,18.25,11.4
Gabriel Słonina,GK,Chelsea,4,0.0,0.0,0.0,0.0,0.0,0.0,0.0,0.0,0.0,0.0,0.0,0.0,0.0,0.0,0.0,0.0,11.5,12.8
Gabriel dos Santos Magalhães,DEF,Arsenal,4,28.5,0.0,0.0,0.0,0.0,0.0,0.0,0.0,0.25,0.0,0.0,0.0,0.0,0.0025,0.0025,0.4275,4.25,9.8
Garang Kuol,MID,Newcastle,4,0.0,0.0,0.0,0.0,0.0,0.0,0.0,0.0,0.0,0.0,0.0,0.0,0.0,0.0,0.0,0.0,9.0,11.2
Gavin Kilkenny,MID,Bournemouth,4,0.0,0.0,0.0,0.0,0.0,0.0,0.0,0.0,0.0,0.0,0.0,0.0,0.0,0.0,0.0,0.0,14.0,11.2
George Baldock,DEF,Sheffield Utd,4,62.5,0.0,0.0,0.0,0.0,0.0,0.0,0.0,1.0,0.25,0.0,0.0,0.0,0.03,0.03,1.8499999999999999,16.25,8.8
George Shelvey,GK,Nott'm Forest,4,0.0,0.0,0.0,0.0,0.0,0.0,0.0,0.0,0.0,0.0,0.0,0.0,0.0,0.0,0.0,0.0,11.75,11.0
Gianluca Scamacca,FWD,West Ham,4,0.0,0.0,0.0,0.0,0.0,0.0,0.0,0.0,0.0,0.0,0.0,0.0,0.0,0.0,0.0,0.0,5.25,9.0
Giovani Lo Celso,MID,Spurs,4,4.0,0.0,0.0,0.0,0.0,0.0,0.0,0.0,0.0,0.0,0.0,0.0,0.0,0.005,0.005,0.03,4.5,11.4
Giulian Biancone,DEF,Nott'm Forest,4,0.0,0.0,0.0,0.0,0.0,0.0,0.0,0.0,0.0,0.0,0.0,0.0,0.0,0.0,0.0,0.0,11.75,11.0
Glen Rea,MID,Luton,4,0.0,0.0,0.0,0.0,0.0,0.0,0.0,0.0,0.0,0.0,0.0,0.0,0.0,0.0,0.0,0.0,18.25,11.4
Gonzalo Montiel,DEF,Nott'm Forest,4,9.0,0.0,0.0,0.0,0.0,0.0,0.0,0.0,0.0,0.0,0.0,0.0,0.0,0.0,0.0,0.295,11.75,11.0
Gonçalo Manuel Ganchinho Guedes,MID,Wolves,4,0.0,0.0,0.0,0.0,0.0,0.0,0.0,0.0,0.0,0.0,0.0,0.0,0.0,0.0,0.0,0.0,16.0,9.8
Granit Xhaka,MID,Arsenal,4,0.0,0.0,0.0,0.0,0.0,0.0,0.0,0.0,0.0,0.0,0.0,0.0,0.0,0.0,0.0,0.0,4.25,9.8
Guglielmo Vicario,GK,Spurs,4,90.0,0.0,0.0,0.5,4.0,0.0,0.0,0.75,1.0,0.25,0.0,0.0,0.0,0.0,0.0,1.5075,4.5,11.4
Gustavo Hamer,MID,Sheffield Utd,4,90.0,0.3333333333333333,0.0,0.0,0.0,0.0,0.0,0.0,2.0,0.3333333333333333,0.0,0.0,0.14,0.07666666666666666,0.21666666666666667,2.49,16.25,8.8
Gustavo Henrique Furtado Scarpa,MID,Nott'm Forest,4,0.0,0.0,0.0,0.0,0.0,0.0,0.0,0.0,0.0,0.0,0.0,0.0,0.0,0.0,0.0,0.0,11.75,11.0
Hakim Ziyech,MID,Chelsea,4,0.0,0.0,0.0,0.0,0.0,0.0,0.0,0.0,0.0,0.0,0.0,0.0,0.0,0.0,0.0,0.0,11.5,12.8
Halil Dervişoğlu,FWD,Brentford,4,0.0,0.0,0.0,0.0,0.0,0.0,0.0,0.0,0.0,0.0,0.0,0.0,0.0,0.0,0.0,0.0,7.25,14.4
Hamed Traorè,MID,Bournemouth,4,9.0,0.0,0.0,0.0,0.0,0.0,0.0,0.0,0.25,0.0,0.0,0.0,0.0375,0.0025,0.04,0.18,14.0,11.2
Han-Noah Massengo,MID,Burnley,4,0.0,0.0,0.0,0.0,0.0,0.0,0.0,0.0,0.0,0.0,0.0,0.0,0.0,0.0,0.0,0.0,18.75,10.8
Hannes Delcroix,DEF,Burnley,4,67.5,0.0,0.0,0.0,0.0,0.0,0.0,0.0,3.0,0.5,0.0,0.0,0.175,0.02,0.195,1.8599999999999999,18.75,10.8
Hannibal Mejbri,MID,Man Utd,4,0.0,0.0,0.0,0.0,0.0,0.0,0.0,0.0,0.0,0.0,0.0,0.0,0.0,0.0,0.0,0.0,9.0,11.6
Harrison Ashby,DEF,Newcastle,4,0.0,0.0,0.0,0.0,0.0,0.0,0.0,0.0,0.0,0.0,0.0,0.0,0.0,0.0,0.0,0.0,9.0,11.2
Harrison Reed,MID,Fulham,4,66.5,0.0,0.25,0.25,0.0,0.0,0.0,0.0,2.0,0.25,0.0,0.0,0.0,0.0475,0.0475,1.9674999999999998,10.75,11.4
Harry Arter,MID,Nott'm Forest,4,0.0,0.0,0.0,0.0,0.0,0.0,0.0,0.0,0.0,0.0,0.0,0.0,0.0,0.0,0.0,0.0,11.75,11.0
Harry Kane,FWD,Spurs,4,0.0,0.0,0.0,0.0,0.0,0.0,0.0,0.0,0.0,0.0,0.0,0.0,0.0,0.0,0.0,0.0,4.5,11.4
Harry Maguire,DEF,Man Utd,4,5.75,0.0,0.0,0.0,0.0,0.0,0.0,0.0,0.5,0.0,0.0,0.0,0.0,0.0,0.0,0.3,9.0,11.6
Harry Toffolo,DEF,Nott'm Forest,4,0.0,0.0,0.0,0.0,0.0,0.0,0.0,0.0,0.0,0.0,0.0,0.0,0.0,0.0,0.0,0.0,11.75,11.0
Harry Wilson,MID,Fulham,4,82.5,0.0,0.0,0.25,0.0,0.0,0.0,0.0,2.0,0.0,0.0,0.0,0.037500000000000006,0.085,0.1225,2.73,10.75,11.4
Harvey Barnes,MID,Newcastle,4,22.5,0.25,0.25,0.0,0.0,0.0,0.0,0.5,0.5,0.25,0.0,0.0,0.1925,0.14,0.33249999999999996,0.405,9.0,11.2
Harvey Elliott,MID,Liverpool,4,21.25,0.0,0.0,0.0,0.0,0.0,0.0,0.0,0.0,0.0,0.0,0.0,0.0075,0.0125,0.02,0.4525,5.5,9.0
Hjalmar Ekdal,DEF,Burnley,4,0.0,0.0,0.0,0.0,0.0,0.0,0.0,0.0,0.0,0.0,0.0,0.0,0.0,0.0,0.0,0.0,18.75,10.8
Hugo Bueno López,DEF,Wolves,4,27.25,0.0,0.0,0.25,0.0,0.0,0.0,0.0,0.25,0.0,0.0,0.0,0.055,0.0425,0.0975,0.4175,16.0,9.8
Hugo Lloris,GK,Spurs,4,0.0,0.0,0.0,0.0,0.0,0.0,0.0,0.0,0.0,0.0,0.0,0.0,0.0,0.0,0.0,0.0,4.5,11.4
Hwang Hee-chan,MID,Wolves,4,34.25,0.5,0.0,0.0,0.0,0.0,0.0,0.0,0.75,0.25,0.0,0.0,0.1125,0.215,0.3275,0.6599999999999999,16.0,9.8
Hwang Ui-jo,FWD,Nott'm Forest,4,0.0,0.0,0.0,0.0,0.0,0.0,0.0,0.0,0.0,0.0,0.0,0.0,0.0,0.0,0.0,0.0,11.75,11.0
Ian Maatsen,MID,Chelsea,4,6.5,0.0,0.0,0.0,0.0,0.0,0.0,0.0,0.0,0.25,0.0,0.0,0.015,0.01,0.024999999999999998,0.035,11.5,12.8
Ibrahima Konaté,DEF,Liverpool,4,45.0,0.0,0.0,0.0,0.0,0.0,0.0,0.0,0.5,0.0,0.0,0.0,0.0125,0.0,0.0125,0.6425000000000001,5.5,9.0
Idrissa Gueye,MID,Everton,4,78.75,0.0,0.0,0.0,0.0,0.0,0.0,0.0,1.5,0.25,0.0,0.0,0.015,0.0225,0.0375,1.435,18.25,10.2
Igor Julio dos Santos de Paulo,DEF,Brighton,4,0.0,0.0,0.0,0.0,0.0,0.0,0.0,0.0,0.0,0.0,0.0,0.0,0.0,0.0,0.0,0.0,3.75,8.2
Iliman Ndiaye,FWD,Sheffield Utd,4,0.0,0.0,0.0,0.0,0.0,0.0,0.0,0.0,0.0,0.0,0.0,0.0,0.0,0.0,0.0,0.0,16.25,8.8
Illia Zabarnyi,DEF,Bournemouth,4,90.0,0.0,0.0,0.0,0.0,0.0,0.0,0.0,2.0,0.0,0.0,0.0,0.0,0.007500000000000001,0.007500000000000001,2.375,14.0,11.2
Ionuț Radu,GK,Bournemouth,4,0.0,0.0,0.0,0.0,0.0,0.0,0.0,0.0,0.0,0.0,0.0,0.0,0.0,0.0,0.0,0.0,14.0,11.2
Isaac Hayden,MID,Newcastle,4,0.0,0.0,0.0,0.0,0.0,0.0,0.0,0.0,0.0,0.0,0.0,0.0,0.0,0.0,0.0,0.0,9.0,11.2
Ismaila Coulibaly,MID,Sheffield Utd,4,0.0,0.0,0.0,0.0,0.0,0.0,0.0,0.0,0.0,0.0,0.0,0.0,0.0,0.0,0.0,0.0,16.25,8.8
Issa Diop,DEF,Fulham,4,90.0,0.0,0.0,0.25,0.0,0.0,0.0,0.5,2.5,0.25,0.0,0.0,0.03,0.0525,0.0825,3.01,10.75,11.4
Issa Kaboré,DEF,Luton,4,50.333333333333336,0.0,0.0,0.0,0.0,0.0,0.0,0.0,1.3333333333333333,0.3333333333333333,0.0,0.0,0.016666666666666666,0.09666666666666668,0.11333333333333334,1.09,18.25,11.4
Ivan Neves Abreu Cavaleiro,MID,Fulham,4,0.0,0.0,0.0,0.0,0.0,0.0,0.0,0.0,0.0,0.0,0.0,0.0,0.0,0.0,0.0,0.0,10.75,11.4
Ivan Perišić,DEF,Spurs,4,22.0,0.0,0.0,0.0,0.0,0.0,0.0,0.0,0.25,0.25,0.0,0.0,0.01,0.1625,0.17250000000000001,0.3575,4.5,11.4
Ivan Toney,FWD,Brentford,4,0.0,0.0,0.0,0.0,0.0,0.0,0.0,0.0,0.0,0.0,0.0,0.0,0.0,0.0,0.0,0.0,7.25,14.4
Jack Cork,MID,Burnley,4,5.333333333333333,0.0,0.0,0.0,0.0,0.0,0.0,0.0,0.0,0.0,0.0,0.0,0.0,0.0033333333333333335,0.0033333333333333335,0.043333333333333335,18.75,10.8
Jack Grealish,MID,Man City,4,45.0,0.0,0.25,0.25,0.0,0.0,0.0,0.5,0.25,0.0,0.0,0.0,0.09499999999999999,0.1275,0.2225,0.255,1.75,7.8
Jack Harrison,MID,Everton,4,0.0,0.0,0.0,0.0,0.0,0.0,0.0,0.0,0.0,0.0,0.0,0.0,0.0,0.0,0.0,0.0,18.25,10.2
Jack Hinshelwood,MID,Brighton,4,0.0,0.0,0.0,0.0,0.0,0.0,0.0,0.0,0.0,0.0,0.0,0.0,0.0,0.0,0.0,0.0,3.75,8.2
Jack Robinson,DEF,Sheffield Utd,4,87.25,0.0,0.0,0.0,0.0,0.0,0.0,0.0,1.75,0.0,0.0,0.0,0.0375,0.01,0.0475,2.3175,16.25,8.8
Jack Walton,GK,Luton,4,0.0,0.0,0.0,0.0,0.0,0.0,0.0,0.0,0.0,0.0,0.0,0.0,0.0,0.0,0.0,0.0,18.25,11.4
Jacob Brown,FWD,Luton,4,21.666666666666668,0.0,0.3333333333333333,0.0,0.0,0.0,0.0,0.0,1.6666666666666667,0.3333333333333333,0.0,0.0,0.06333333333333334,0.0,0.06333333333333334,1.1066666666666667,18.25,11.4
Jacob Bruun Larsen,MID,Burnley,4,20.0,0.0,0.0,0.0,0.0,0.0,0.0,0.0,0.3333333333333333,0.0,0.0,0.0,0.02666666666666667,0.023333333333333334,0.049999999999999996,0.4666666666666666,18.75,10.8
Jacob Murphy,MID,Newcastle,4,1.0,0.0,0.25,0.0,0.0,0.0,0.0,0.0,0.0,0.0,0.0,0.0,0.0,0.0725,0.0725,0.08,9.0,11.2
Jacob Ramsey,MID,Aston Villa,4,0.0,0.0,0.0,0.0,0.0,0.0,0.0,0.0,0.0,0.0,0.0,0.0,0.0,0.0,0.0,0.0,11.5,8.8
Jaden Philogene-Bidace,MID,Aston Villa,4,0.75,0.0,0.0,0.0,0.0,0.0,0.0,0.0,0.25,0.0,0.0,0.0,0.0,0.0,0.0,0.1625,11.5,8.8
Jadon Sancho,MID,Man Utd,4,19.0,0.0,0.0,0.0,0.0,0.0,0.0,0.0,0.25,0.0,0.0,0.0,0.0,0.0175,0.0175,0.465,9.0,11.6
Jaidon Anthony,MID,Bournemouth,4,37.75,0.0,0.0,0.0,0.0,0.0,0.0,0.0,1.25,0.25,0.0,0.0,0.0175,0.005,0.0225,1.1099999999999999,14.0,11.2
Jairo Riedewald,MID,Crystal Palace,4,0.0,0.0,0.0,0.0,0.0,0.0,0.0,0.0,0.0,0.0,0.0,0.0,0.0,0.0,0.0,0.0,8.5,11.4
Jake O'Brien,DEF,Crystal Palace,4,0.0,0.0,0.0,0.0,0.0,0.0,0.0,0.0,0.0,0.0,0.0,0.0,0.0,0.0,0.0,0.0,8.5,11.4
Jakub Kiwior,DEF,Arsenal,4,22.75,0.0,0.0,0.0,0.0,0.0,0.0,0.0,0.5,0.0,0.0,0.0,0.08,0.0075,0.0875,0.1975,4.25,9.8
Jakub Moder,MID,Brighton,4,0.0,0.0,0.0,0.0,0.0,0.0,0.0,0.0,0.0,0.0,0.0,0.0,0.0,0.0,0.0,0.0,3.75,8.2
Jamaal Lascelles,DEF,Newcastle,4,4.0,0.0,0.0,0.0,0.0,0.0,0.0,0.0,0.0,0.0,0.0,0.0,0.0,0.0,0.0,0.025,9.0,11.2
Jamal Lewis,DEF,Newcastle,4,0.0,0.0,0.0,0.0,0.0,0.0,0.0,0.0,0.0,0.0,0.0,0.0,0.0,0.0,0.0,0.0,9.0,11.2
Jamal Lowe,MID,Bournemouth,4,0.0,0.0,0.0,0.0,0.0,0.0,0.0,0.0,0.0,0.0,0.0,0.0,0.0,0.0,0.0,0.0,14.0,11.2
James Garner,MID,Everton,4,84.0,0.0,0.0,0.0,0.0,0.0,0.0,0.0,2.0,0.25,0.0,0.0,0.0225,0.095,0.11750000000000002,1.5899999999999999,18.25,10.2
James Hill,DEF,Bournemouth,4,3.75,0.0,0.0,0.0,0.0,0.0,0.0,0.0,0.0,0.0,0.0,0.0,0.0,0.0025,0.0025,0.0475,14.0,11.2
James Maddison,MID,Spurs,4,84.25,0.5,0.5,0.5,0.0,0.0,0.0,1.0,0.75,0.25,0.0,0.0,0.4,0.45,0.85,1.445,4.5,11.4
James McAtee,MID,Man City,4,0.25,0.0,0.0,0.0,0.0,0.0,0.0,0.0,0.0,0.0,0.0,0.0,0.0,0.0,0.0,0.0,1.75,7.8
James McConnell,MID,Liverpool,4,0.0,0.0,0.0,0.0,0.0,0.0,0.0,0.0,0.0,0.0,0.0,0.0,0.0,0.0,0.0,0.0,5.5,9.0
James Milner,MID,Brighton,4,53.5,0.0,0.0,0.25,0.0,0.0,0.0,0.0,1.0,0.5,0.0,0.0,0.0,0.065,0.065,1.1475,3.75,8.2
James Shea,GK,Luton,4,0.0,0.0,0.0,0.0,0.0,0.0,0.0,0.0,0.0,0.0,0.0,0.0,0.0,0.0,0.0,0.0,18.25,11.4
James Tarkowski,DEF,Everton,4,90.0,0.0,0.0,0.0,0.0,0.0,0.0,0.0,2.0,0.0,0.0,0.0,0.0925,0.0175,0.11,1.66,18.25,10.2
James Tomkins,DEF,Crystal Palace,4,0.25,0.0,0.0,0.0,0.0,0.0,0.0,0.0,0.0,0.0,0.0,0.0,0.0,0.0,0.0,0.0,8.5,11.4
James Trafford,GK,Burnley,4,90.0,0.0,0.0,0.0,4.333333333333333,0.0,0.0,0.0,3.6666666666666665,0.0,0.0,0.0,0.0,0.0,0.0,2.33,18.75,10.8
James Ward-Prowse,MID,West Ham,4,86.66666666666667,0.3333333333333333,1.0,0.0,0.0,0.0,0.0,1.0,1.0,0.3333333333333333,0.0,0.0,0.3166666666666667,0.10999999999999999,0.4266666666666667,1.7566666666666666,5.25,9.0
Jan Paul van Hecke,DEF,Brighton,4,45.0,0.0,0.0,0.0,0.0,0.0,0.0,0.0,0.5,0.0,0.0,0.0,0.005,0.0025,0.0075,0.6875,3.75,8.2
Japhet Tanganga,DEF,Spurs,4,0.0,0.0,0.0,0.0,0.0,0.0,0.0,0.0,0.0,0.0,0.0,0.0,0.0,0.0,0.0,0.0,4.5,11.4
Jarell Quansah,DEF,Liverpool,4,8.0,0.0,0.0,0.0,0.0,0.0,0.0,0.0,0.0,0.0,0.0,0.0,0.0,0.0,0.0,0.12000000000000001,5.5,9.0
Jarrad Branthwaite,DEF,Everton,4,45.0,0.0,0.0,0.0,0.0,0.0,0.0,0.0,0.75,0.5,0.0,0.0,0.06,0.0375,0.0975,0.6,18.25,10.2
Jarrod Bowen,MID,West Ham,4,90.0,0.75,0.25,0.0,0.0,0.0,0.0,1.25,1.0,0.25,0.0,0.0,0.595,0.125,0.72,1.6925000000000001,5.25,9.0
Jason Steele,GK,Brighton,4,45.0,0.0,0.0,0.0,1.5,0.0,0.0,0.0,0.5,0.0,0.0,0.0,0.0,0.0,0.0,0.8775000000000001,3.75,8.2
Javier Manquillo Gaitán,DEF,Newcastle,4,0.0,0.0,0.0,0.0,0.0,0.0,0.0,0.0,0.0,0.0,0.0,0.0,0.0,0.0,0.0,0.0,9.0,11.2
Jay Rodriguez,FWD,Burnley,4,3.0,0.0,0.0,0.0,0.0,0.0,0.0,0.0,0.0,0.0,0.0,0.0,0.15,0.0,0.15,0.006666666666666667,18.75,10.8
Jay Stansfield,FWD,Fulham,4,0.0,0.0,0.0,0.0,0.0,0.0,0.0,0.0,0.0,0.0,0.0,0.0,0.0,0.0,0.0,0.0,10.75,11.4
Jayden Bogle,DEF,Sheffield Utd,4,4.75,0.25,0.0,0.0,0.0,0.0,0.0,0.0,0.25,0.0,0.0,0.0,0.035,0.0,0.035,0.18,16.25,8.8
Jean-Philippe Gbamin,MID,Everton,4,0.0,0.0,0.0,0.0,0.0,0.0,0.0,0.0,0.0,0.0,0.0,0.0,0.0,0.0,0.0,0.0,18.25,10.2
Jean-Philippe Mateta,FWD,Crystal Palace,4,9.5,0.0,0.5,0.0,0.0,0.0,0.0,0.0,0.25,0.0,0.0,0.0,0.0,0.035,0.035,0.2475,8.5,11.4
Jeff Hendrick,MID,Newcastle,4,0.0,0.0,0.0,0.0,0.0,0.0,0.0,0.0,0.0,0.0,0.0,0.0,0.0,0.0,0.0,0.0,9.0,11.2
Jefferson Lerma Solís,MID,Crystal Palace,4,90.0,0.0,0.0,0.25,0.0,0.0,0.0,0.0,1.0,0.0,0.0,0.0,0.045,0.09,0.135,1.2000000000000002,8.5,11.4
Jeffrey Schlupp,MID,Crystal Palace,4,75.75,0.0,0.0,0.25,0.0,0.0,0.0,0.0,0.75,0.0,0.0,0.0,0.0675,0.0825,0.15000000000000002,0.9525000000000001,8.5,11.4
Jeremy Sarmiento Morante,MID,Brighton,4,0.0,0.0,0.0,0.0,0.0,0.0,0.0,0.0,0.0,0.0,0.0,0.0,0.0,0.0,0.0,0.0,3.75,8.2
Jesurun Rak-Sakyi,MID,Crystal Palace,4,1.75,0.0,0.0,0.0,0.0,0.0,0.0,0.0,0.0,0.0,0.0,0.0,0.005,0.02,0.025,0.0,8.5,11.4
Jhon Durán,FWD,Aston Villa,4,9.25,0.25,0.0,0.0,0.0,0.0,0.0,0.5,0.0,0.0,0.0,0.0,0.1575,0.0025,0.16,0.12000000000000001,11.5,8.8
Joachim Andersen,DEF,Crystal Palace,4,90.0,0.25,0.0,0.25,0.0,0.0,0.0,1.5,1.0,0.0,0.0,0.0,0.05,0.0675,0.1175,1.2000000000000002,8.5,11.4
Joe Gomez,DEF,Liverpool,4,40.25,0.0,0.0,0.25,0.0,0.0,0.0,0.0,0.0,0.0,0.0,0.0,0.015000000000000001,0.0025,0.017499999999999998,0.71,5.5,9.0
Joe Hodge,MID,Wolves,4,0.0,0.0,0.0,0.0,0.0,0.0,0.0,0.0,0.0,0.0,0.0,0.0,0.0,0.0,0.0,0.0,16.0,9.8
Joe Rodon,DEF,Spurs,4,0.0,0.0,0.0,0.0,0.0,0.0,0.0,0.0,0.0,0.0,0.0,0.0,0.0,0.0,0.0,0.0,4.5,11.4
Joe Rothwell,MID,Bournemouth,4,52.5,0.0,0.0,0.0,0.0,0.0,0.0,0.0,1.25,0.0,0.0,0.0,0.0075,0.0175,0.025,1.3525,14.0,11.2
Joe Taylor,FWD,Luton,4,0.0,0.0,0.0,0.0,0.0,0.0,0.0,0.0,0.0,0.0,0.0,0.0,0.0,0.0,0.0,0.0,18.25,11.4
Joe Whitworth,GK,Crystal Palace,4,0.0,0.0,0.0,0.0,0.0,0.0,0.0,0.0,0.0,0.0,0.0,0.0,0.0,0.0,0.0,0.0,8.5,11.4
Joe Willock,MID,Newcastle,4,0.0,0.0,0.0,0.0,0.0,0.0,0.0,0.0,0.0,0.0,0.0,0.0,0.0,0.0,0.0,0.0,9.0,11.2
Joe Worrall,DEF,Nott'm Forest,4,83.75,0.0,0.0,0.25,0.0,0.0,0.0,0.75,1.5,0.0,0.25,0.0,0.025,0.0775,0.1025,1.805,11.75,11.0
Joel Matip,DEF,Liverpool,4,41.5,0.0,0.0,0.25,0.0,0.0,0.0,0.0,0.25,0.0,0.0,0.0,0.1,0.005,0.105,0.5650000000000001,5.5,9.0
Joel Ward,DEF,Crystal Palace,4,88.0,0.0,0.0,0.25,0.0,0.0,0.0,0.0,1.0,0.25,0.0,0.0,0.0025,0.015,0.0175,1.2000000000000002,8.5,11.4
Joelinton Cássio Apolinário de Lira,MID,Newcastle,4,71.0,0.0,0.0,0.0,0.0,0.0,0.0,0.0,1.0,0.25,0.0,0.0,0.08499999999999999,0.0625,0.14750000000000002,1.0325,9.0,11.2
John Egan,DEF,Sheffield Utd,4,84.25,0.0,0.0,0.0,0.0,0.0,0.0,0.0,1.75,0.25,0.0,0.0,0.025,0.0,0.025,2.3449999999999998,16.25,8.8
John Fleck,MID,Sheffield Utd,4,0.0,0.0,0.0,0.0,0.0,0.0,0.0,0.0,0.0,0.0,0.0,0.0,0.0,0.0,0.0,0.0,16.25,8.8
John McAtee,FWD,Luton,4,0.0,0.0,0.0,0.0,0.0,0.0,0.0,0.0,0.0,0.0,0.0,0.0,0.0,0.0,0.0,0.0,18.25,11.4
John McGinn,MID,Aston Villa,4,83.25,0.25,0.0,0.25,0.0,0.0,0.0,0.5,1.75,0.0,0.0,0.0,0.2625,0.0675,0.33,1.42,11.5,8.8
John Stones,DEF,Man City,4,0.0,0.0,0.0,0.0,0.0,0.0,0.0,0.0,0.0,0.0,0.0,0.0,0.0,0.0,0.0,0.0,1.75,7.8
John-Kymani Gordon,FWD,Crystal Palace,4,0.0,0.0,0.0,0.0,0.0,0.0,0.0,0.0,0.0,0.0,0.0,0.0,0.0,0.0,0.0,0.0,8.5,11.4
Jonathan Castro Otto,DEF,Wolves,4,0.0,0.0,0.0,0.0,0.0,0.0,0.0,0.0,0.0,0.0,0.0,0.0,0.0,0.0,0.0,0.0,16.0,9.8
Jonathan Panzo,DEF,Nott'm Forest,4,0.0,0.0,0.0,0.0,0.0,0.0,0.0,0.0,0.0,0.0,0.0,0.0,0.0,0.0,0.0,0.0,11.75,11.0
Jonjo Shelvey,MID,Nott'm Forest,4,0.0,0.0,0.0,0.0,0.0,0.0,0.0,0.0,0.0,0.0,0.0,0.0,0.0,0.0,0.0,0.0,11.75,11.0
Jonny Evans,DEF,Man Utd,4,6.0,0.0,0.0,0.0,0.0,0.0,0.0,0.0,2.0,0.0,0.0,0.0,0.0,0.0,0.0,0.74,9.0,11.6
Jordan Amissah,GK,Sheffield Utd,4,0.0,0.0,0.0,0.0,0.0,0.0,0.0,0.0,0.0,0.0,0.0,0.0,0.0,0.0,0.0,0.0,16.25,8.8
Jordan Ayew,MID,Crystal Palace,4,90.0,0.0,0.5,0.25,0.0,0.0,0.0,0.0,1.0,0.25,0.0,0.0,0.2375,0.1225,0.36,1.2000000000000002,8.5,11.4
Jordan Beyer,DEF,Burnley,4,48.666666666666664,0.0,0.0,0.0,0.0,0.0,0.0,0.0,2.3333333333333335,0.3333333333333333,0.0,0.0,0.0,0.0,0.0,1.05,18.75,10.8
Jordan Clark,MID,Luton,4,0.0,0.0,0.0,0.0,0.0,0.0,0.0,0.0,0.0,0.0,0.0,0.0,0.0,0.0,0.0,0.0,18.25,11.4
Jordan Henderson,MID,Liverpool,4,0.0,0.0,0.0,0.0,0.0,0.0,0.0,0.0,0.0,0.0,0.0,0.0,0.0,0.0,0.0,0.0,5.5,9.0
Jordan Pickford,GK,Everton,4,90.0,0.0,0.0,0.0,3.0,0.0,0.0,0.0,2.0,0.25,0.0,0.25,0.0,0.0075,0.0075,1.7525,18.25,10.2
Jorge Luiz Frello Filho,MID,Arsenal,4,4.5,0.0,0.0,0.0,0.0,0.0,0.0,0.0,0.25,0.0,0.0,0.0,0.0,0.01,0.01,0.21,4.25,9.8
Joseph Anang,GK,West Ham,4,0.0,0.0,0.0,0.0,0.0,0.0,0.0,0.0,0.0,0.0,0.0,0.0,0.0,0.0,0.0,0.0,5.25,9.0
Joseph Johnson,DEF,Luton,4,0.0,0.0,0.0,0.0,0.0,0.0,0.0,0.0,0.0,0.0,0.0,0.0,0.0,0.0,0.0,0.0,18.25,11.4
Josh Bowler,MID,Nott'm Forest,4,0.0,0.0,0.0,0.0,0.0,0.0,0.0,0.0,0.0,0.0,0.0,0.0,0.0,0.0,0.0,0.0,11.75,11.0
Josh Brownhill,MID,Burnley,4,15.333333333333334,0.3333333333333333,0.0,0.0,0.0,0.0,0.0,0.0,1.0,0.3333333333333333,0.0,0.0,0.06333333333333334,0.05666666666666667,0.12,0.44333333333333336,18.75,10.8
Josh Cullen,MID,Burnley,4,90.0,0.0,0.3333333333333333,0.0,0.0,0.0,0.0,0.0,3.6666666666666665,0.3333333333333333,0.0,0.0,0.01,0.17666666666666667,0.18666666666666668,2.33,18.75,10.8
Josh Dasilva,MID,Brentford,4,2.25,0.0,0.0,0.0,0.0,0.0,0.0,0.0,0.0,0.0,0.0,0.0,0.0,0.0,0.0,0.0175,7.25,14.4
Josh Powell,DEF,Nott'm Forest,4,0.0,0.0,0.0,0.0,0.0,0.0,0.0,0.0,0.0,0.0,0.0,0.0,0.0,0.0,0.0,0.0,11.75,11.0
José Malheiro de Sá,GK,Wolves,4,90.0,0.0,0.0,0.25,5.0,0.0,0.0,0.75,2.0,0.0,0.0,0.0,0.0,0.0,0.0,1.765,16.0,9.8
João Cancelo,DEF,Man City,4,0.0,0.0,0.0,0.0,0.0,0.0,0.0,0.0,0.0,0.0,0.0,0.0,0.0,0.0,0.0,0.0,1.75,7.8
João Neves Virgínia,GK,Everton,4,0.0,0.0,0.0,0.0,0.0,0.0,0.0,0.0,0.0,0.0,0.0,0.0,0.0,0.0,0.0,0.0,18.25,10.2
João Palhinha Gonçalves,MID,Fulham,4,28.25,0.25,0.0,0.0,0.0,0.0,0.0,0.75,0.75,0.25,0.0,0.0,0.0425,0.005,0.0475,1.28,10.75,11.4
João Pedro Junqueira de Jesus,FWD,Brighton,4,56.5,0.25,0.0,0.25,0.0,0.0,0.0,0.25,0.75,0.25,0.0,0.0,0.4325,0.04,0.47250000000000003,1.085,3.75,8.2
João Victor Gomes da Silva,MID,Wolves,4,77.75,0.0,0.0,0.25,0.0,0.0,0.0,0.0,1.75,0.5,0.0,0.0,0.035,0.0225,0.0575,1.625,16.0,9.8
Joël Veltman,DEF,Brighton,4,38.0,0.0,0.25,0.0,0.0,0.0,0.0,0.0,0.75,0.0,0.0,0.0,0.0175,0.01,0.0275,1.005,3.75,8.2
Joško Gvardiol,DEF,Man City,4,47.75,0.0,0.0,0.25,0.0,0.0,0.0,0.0,0.25,0.0,0.0,0.0,0.0,0.0125,0.0125,0.27249999999999996,1.75,7.8
Julio Enciso,MID,Brighton,4,17.0,0.0,0.5,0.0,0.0,0.0,0.0,0.0,0.25,0.25,0.0,0.0,0.05,0.145,0.195,0.505,3.75,8.2
Julián Álvarez,FWD,Man City,4,89.75,0.5,0.75,0.5,0.0,0.0,0.0,1.0,0.5,0.25,0.0,0.0,0.485,0.1475,0.6325000000000001,0.6925,1.75,7.8
Jurriën Timber,DEF,Arsenal,4,12.25,0.0,0.0,0.0,0.0,0.0,0.0,0.0,0.0,0.25,0.0,0.0,0.0,0.0025,0.0025,0.07,4.25,9.8
Justin Kluivert,MID,Bournemouth,4,46.5,0.0,0.0,0.0,0.0,0.0,0.0,0.0,0.5,0.0,0.0,0.0,0.075,0.0175,0.0925,0.81,14.0,11.2
Jérémy Doku,MID,Man City,4,37.5,0.0,0.0,0.0,0.0,0.0,0.0,0.0,0.5,0.0,0.0,0.0,0.0,0.005,0.005,0.725,1.75,7.8
Jóhann Berg Gudmundsson,MID,Burnley,4,30.0,0.0,0.3333333333333333,0.0,0.0,0.0,0.0,0.0,1.0,0.3333333333333333,0.0,0.0,0.0,0.06666666666666667,0.06666666666666667,0.6133333333333334,18.75,10.8
Kacper Kozłowski,MID,Brighton,4,0.0,0.0,0.0,0.0,0.0,0.0,0.0,0.0,0.0,0.0,0.0,0.0,0.0,0.0,0.0,0.0,3.75,8.2
Kai Havertz,MID,Arsenal,4,77.75,0.0,0.0,0.25,0.0,0.0,0.0,0.0,0.75,0.25,0.0,0.0,0.175,0.1175,0.2925,0.8574999999999999,4.25,9.8
Kalvin Phillips,MID,Man City,4,1.5,0.0,0.0,0.0,0.0,0.0,0.0,0.0,0.0,0.0,0.0,0.0,0.0,0.0025,0.0025,0.0,1.75,7.8
Kaoru Mitoma,MID,Brighton,4,87.5,0.25,0.75,0.0,0.0,0.0,0.0,0.75,1.5,0.5,0.0,0.0,0.2025,0.46,0.6625,1.99,3.75,8.2
Karl Darlow,GK,Newcastle,4,0.0,0.0,0.0,0.0,0.0,0.0,0.0,0.0,0.0,0.0,0.0,0.0,0.0,0.0,0.0,0.0,9.0,11.2
Karl Hein,GK,Arsenal,4,0.0,0.0,0.0,0.0,0.0,0.0,0.0,0.0,0.0,0.0,0.0,0.0,0.0,0.0,0.0,0.0,4.25,9.8
Keane Lewis-Potter,MID,Brentford,4,12.0,0.0,0.0,0.0,0.0,0.0,0.0,0.0,0.25,0.0,0.0,0.0,0.175,0.01,0.1825,0.2875,7.25,14.4
Keinan Davis,FWD,Aston Villa,4,0.0,0.0,0.0,0.0,0.0,0.0,0.0,0.0,0.0,0.0,0.0,0.0,0.0,0.0,0.0,0.0,11.5,8.8
Kell Watts,DEF,Newcastle,4,0.0,0.0,0.0,0.0,0.0,0.0,0.0,0.0,0.0,0.0,0.0,0.0,0.0,0.0,0.0,0.0,9.0,11.2
Kenny Tete,DEF,Fulham,4,84.25,0.0,0.0,0.25,0.0,0.0,0.0,0.0,2.0,0.5,0.0,0.0,0.0,0.022500000000000003,0.022500000000000003,2.6475,10.75,11.4
Kepa Arrizabalaga,GK,Chelsea,4,0.0,0.0,0.0,0.0,0.0,0.0,0.0,0.0,0.0,0.0,0.0,0.0,0.0,0.0,0.0,0.0,11.5,12.8
Kevin De Bruyne,MID,Man City,4,5.5,0.0,0.0,0.0,0.0,0.0,0.0,0.0,0.0,0.0,0.0,0.0,0.005,0.04,0.045,0.025,1.75,7.8
Kevin Mbabu,DEF,Fulham,4,0.0,0.0,0.0,0.0,0.0,0.0,0.0,0.0,0.0,0.0,0.0,0.0,0.0,0.0,0.0,0.0,10.75,11.4
Kevin Schade,MID,Brentford,4,59.25,0.25,0.25,0.25,0.0,0.0,0.0,0.5,0.5,0.0,0.0,0.0,0.2,0.0875,0.2875,0.59,7.25,14.4
Ki-Jana Hoever,DEF,Wolves,4,0.0,0.0,0.0,0.0,0.0,0.0,0.0,0.0,0.0,0.0,0.0,0.0,0.0,0.0,0.0,0.0,16.0,9.8
Kieffer Moore,FWD,Bournemouth,4,13.5,0.0,0.0,0.0,0.0,0.0,0.0,0.0,0.0,0.0,0.0,0.0,0.0675,0.015000000000000001,0.0825,0.165,14.0,11.2
Kieran Tierney,DEF,Arsenal,4,0.0,0.0,0.0,0.0,0.0,0.0,0.0,0.0,0.0,0.0,0.0,0.0,0.0,0.0,0.0,0.0,4.25,9.8
Kieran Trippier,DEF,Newcastle,4,90.0,0.0,0.0,0.0,0.0,0.0,0.0,0.0,1.75,0.25,0.0,0.0,0.0,0.1375,0.1375,1.3399999999999999,9.0,11.2
Kjell Scherpen,GK,Brighton,4,0.0,0.0,0.0,0.0,0.0,0.0,0.0,0.0,0.0,0.0,0.0,0.0,0.0,0.0,0.0,0.0,3.75,8.2
Kobbie Mainoo,MID,Man Utd,4,0.0,0.0,0.0,0.0,0.0,0.0,0.0,0.0,0.0,0.0,0.0,0.0,0.0,0.0,0.0,0.0,9.0,11.6
Konstantinos Mavropanos,DEF,West Ham,4,0.0,0.0,0.0,0.0,0.0,0.0,0.0,0.0,0.0,0.0,0.0,0.0,0.0,0.0,0.0,0.0,5.25,9.0
Konstantinos Tsimikas,DEF,Liverpool,4,1.0,0.0,0.0,0.0,0.0,0.0,0.0,0.0,0.0,0.0,0.0,0.0,0.0,0.0,0.0,0.07,5.5,9.0
Kortney Hause,DEF,Aston Villa,4,0.0,0.0,0.0,0.0,0.0,0.0,0.0,0.0,0.0,0.0,0.0,0.0,0.0,0.0,0.0,0.0,11.5,8.8
Kristoffer Ajer,DEF,Brentford,4,23.25,0.0,0.25,0.0,0.0,0.0,0.0,0.0,0.5,0.0,0.0,0.0,0.09,0.1625,0.2525,0.29,7.25,14.4
Kurt Zouma,DEF,West Ham,4,90.0,0.25,0.0,0.0,0.0,0.0,0.0,0.75,1.0,0.0,0.0,0.0,0.05,0.0,0.05,1.6925000000000001,5.25,9.0
Kyle Walker,DEF,Man City,4,90.0,0.0,0.0,0.5,0.0,0.0,0.0,0.0,0.5,0.0,0.0,0.0,0.01,0.13749999999999998,0.1475,0.6925,1.75,7.8
Lawrence Vigouroux,GK,Burnley,4,0.0,0.0,0.0,0.0,0.0,0.0,0.0,0.0,0.0,0.0,0.0,0.0,0.0,0.0,0.0,0.0,18.75,10.8
Leander Dendoncker,MID,Aston Villa,4,0.0,0.0,0.0,0.0,0.0,0.0,0.0,0.0,0.0,0.0,0.0,0.0,0.0,0.0,0.0,0.0,11.5,8.8
Leandro Trossard,MID,Arsenal,4,15.5,0.0,0.0,0.0,0.0,0.0,0.0,0.0,0.5,0.0,0.0,0.0,0.0,0.17250000000000001,0.17250000000000001,0.2925,4.25,9.8
Leon Bailey,MID,Aston Villa,4,38.25,0.25,0.25,0.25,0.0,0.0,0.0,0.75,1.0,0.0,0.0,0.0,0.08,0.19,0.27,1.0274999999999999,11.5,8.8
Lesley Ugochukwu,MID,Chelsea,4,2.0,0.0,0.0,0.0,0.0,0.0,0.0,0.0,0.0,0.0,0.0,0.0,0.0,0.01,0.01,0.022500000000000003,11.5,12.8
Levi Colwill,DEF,Chelsea,4,90.0,0.0,0.0,0.25,0.0,0.0,0.0,0.0,1.25,0.0,0.0,0.0,0.08,0.055,0.135,1.055,11.5,12.8
Lewis Cook,MID,Bournemouth,4,33.75,0.0,0.0,0.0,0.0,0.0,0.0,0.0,0.75,0.0,0.0,0.0,0.0075,0.005,0.0125,1.0025,14.0,11.2
Lewis Dobbin,MID,Everton,4,29.25,0.0,0.0,0.25,0.0,0.0,0.0,0.0,0.5,0.0,0.0,0.0,0.0175,0.0,0.0175,0.4325,18.25,10.2
Lewis Dunk,DEF,Brighton,4,90.0,0.0,0.0,0.0,0.0,0.0,0.0,0.0,1.5,0.0,0.0,0.0,0.075,0.16999999999999998,0.245,2.035,3.75,8.2
Lewis Hall,DEF,Newcastle,4,0.0,0.0,0.0,0.0,0.0,0.0,0.0,0.0,0.0,0.0,0.0,0.0,0.0,0.0,0.0,0.0,9.0,11.2
Lewis Miley,MID,Newcastle,4,0.0,0.0,0.0,0.0,0.0,0.0,0.0,0.0,0.0,0.0,0.0,0.0,0.0,0.0,0.0,0.0,9.0,11.2
Lewis O'Brien,MID,Nott'm Forest,4,0.0,0.0,0.0,0.0,0.0,0.0,0.0,0.0,0.0,0.0,0.0,0.0,0.0,0.0,0.0,0.0,11.75,11.0
Lisandro Martínez,DEF,Man Utd,4,72.75,0.0,0.0,0.0,0.0,0.0,0.0,0.0,1.25,0.5,0.0,0.25,0.0,0.0175,0.0175,1.0875,9.0,11.6
Lloyd Kelly,DEF,Bournemouth,4,26.0,0.0,0.0,0.0,0.0,0.0,0.0,0.0,0.5,0.25,0.0,0.0,0.0,0.0025,0.0025,0.535,14.0,11.2
Loris Karius,GK,Newcastle,4,0.0,0.0,0.0,0.0,0.0,0.0,0.0,0.0,0.0,0.0,0.0,0.0,0.0,0.0,0.0,0.0,9.0,11.2
Louie Marsh,FWD,Sheffield Utd,4,0.0,0.0,0.0,0.0,0.0,0.0,0.0,0.0,0.0,0.0,0.0,0.0,0.0,0.0,0.0,0.0,16.25,8.8
Louie Watson,MID,Luton,4,0.0,0.0,0.0,0.0,0.0,0.0,0.0,0.0,0.0,0.0,0.0,0.0,0.0,0.0,0.0,0.0,18.25,11.4
Loïc Mbe Soh,DEF,Nott'm Forest,4,0.0,0.0,0.0,0.0,0.0,0.0,0.0,0.0,0.0,0.0,0.0,0.0,0.0,0.0,0.0,0.0,11.75,11.0
Luc De Fougerolles,DEF,Fulham,4,0.0,0.0,0.0,0.0,0.0,0.0,0.0,0.0,0.0,0.0,0.0,0.0,0.0,0.0,0.0,0.0,10.75,11.4
Luca Koleosho,MID,Burnley,4,64.66666666666667,0.0,0.3333333333333333,0.0,0.0,0.0,0.0,0.0,3.3333333333333335,0.0,0.0,0.0,0.06,0.14333333333333334,0.20333333333333334,1.7700000000000002,18.75,10.8
Lucas Bergström,GK,Chelsea,4,0.0,0.0,0.0,0.0,0.0,0.0,0.0,0.0,0.0,0.0,0.0,0.0,0.0,0.0,0.0,0.0,11.5,12.8
Lucas Digne,DEF,Aston Villa,4,87.5,0.0,0.5,0.25,0.0,0.0,0.0,0.5,2.25,0.5,0.0,0.0,0.005,0.1275,0.1325,1.7175,11.5,8.8
Lucas Tolentino Coelho de Lima,MID,West Ham,4,88.5,0.25,0.25,0.25,0.0,0.0,0.0,0.0,0.75,0.5,0.0,0.0,0.3525,0.20249999999999999,0.555,1.565,5.25,9.0
Luis Díaz,MID,Liverpool,4,64.25,0.5,0.0,0.25,0.0,0.0,0.0,0.25,0.75,0.0,0.0,0.0,0.33749999999999997,0.08,0.4175,0.875,5.5,9.0
Lukasz Fabianski,GK,West Ham,4,0.0,0.0,0.0,0.0,0.0,0.0,0.0,0.0,0.0,0.0,0.0,0.0,0.0,0.0,0.0,0.0,5.25,9.0
Luke Berry,MID,Luton,4,0.6666666666666666,0.0,0.0,0.0,0.0,0.0,0.0,0.0,0.3333333333333333,0.0,0.0,0.0,0.0,0.0,0.0,0.4066666666666667,18.25,11.4
Luke Cundle,MID,Wolves,4,0.0,0.0,0.0,0.0,0.0,0.0,0.0,0.0,0.0,0.0,0.0,0.0,0.0,0.0,0.0,0.0,16.0,9.8
Luke Freeman,MID,Luton,4,0.0,0.0,0.0,0.0,0.0,0.0,0.0,0.0,0.0,0.0,0.0,0.0,0.0,0.0,0.0,0.0,18.25,11.4
Luke Harris,MID,Fulham,4,37.0,0.0,0.0,0.0,0.0,0.0,0.0,0.0,2.5,0.0,0.0,0.0,0.14,0.005,0.145,1.13,10.75,11.4
Luke McNally,DEF,Burnley,4,0.0,0.0,0.0,0.0,0.0,0.0,0.0,0.0,0.0,0.0,0.0,0.0,0.0,0.0,0.0,0.0,18.75,10.8
Luke Plange,FWD,Crystal Palace,4,0.0,0.0,0.0,0.0,0.0,0.0,0.0,0.0,0.0,0.0,0.0,0.0,0.0,0.0,0.0,0.0,8.5,11.4
Luke Shaw,DEF,Man Utd,4,45.0,0.0,0.0,0.25,0.0,0.0,0.0,0.0,0.5,0.25,0.0,0.0,0.0,0.1275,0.1275,1.0175,9.0,11.6
Luke Thomas,DEF,Sheffield Utd,4,22.0,0.0,0.0,0.0,0.0,0.0,0.0,0.0,0.0,0.0,0.0,0.0,0.16,0.0,0.16,0.1,16.25,8.8
Lyle Foster,FWD,Burnley,4,86.66666666666667,0.6666666666666666,0.0,0.0,0.0,0.0,0.0,0.3333333333333333,3.6666666666666665,0.0,0.0,0.0,0.27,0.03,0.3,2.283333333333333,18.75,10.8
Mads Bech Sørensen,DEF,Brentford,4,0.0,0.0,0.0,0.0,0.0,0.0,0.0,0.0,0.0,0.0,0.0,0.0,0.0,0.0,0.0,0.0,7.25,14.4
Mads Bidstrup,MID,Brentford,4,0.0,0.0,0.0,0.0,0.0,0.0,0.0,0.0,0.0,0.0,0.0,0.0,0.0,0.0,0.0,0.0,7.25,14.4
Mads Juel Andersen,DEF,Luton,4,59.333333333333336,0.3333333333333333,0.0,0.0,0.0,0.0,0.0,0.3333333333333333,1.3333333333333333,0.3333333333333333,0.0,0.0,0.06999999999999999,0.0,0.06999999999999999,1.16,18.25,11.4
Mads Roerslev Rasmussen,DEF,Brentford,4,7.5,0.0,0.0,0.0,0.0,0.0,0.0,0.0,0.0,0.0,0.0,0.0,0.0075,0.0,0.0075,0.08249999999999999,7.25,14.4
Mahmoud Dahoud,MID,Brighton,4,23.75,0.0,0.0,0.25,0.0,0.0,0.0,0.0,0.25,0.25,0.0,0.0,0.01,0.035,0.045,0.265,3.75,8.2
Malang Sarr,DEF,Chelsea,4,0.0,0.0,0.0,0.0,0.0,0.0,0.0,0.0,0.0,0.0,0.0,0.0,0.0,0.0,0.0,0.0,11.5,12.8
Malcolm Ebiowei,MID,Crystal Palace,4,0.0,0.0,0.0,0.0,0.0,0.0,0.0,0.0,0.0,0.0,0.0,0.0,0.0,0.0,0.0,0.0,8.5,11.4
Malo Gusto,DEF,Chelsea,4,65.5,0.0,0.5,0.25,0.0,0.0,0.0,0.5,0.75,0.0,0.0,0.0,0.015000000000000001,0.0625,0.0775,0.5025,11.5,12.8
Manor Solomon,MID,Spurs,4,17.25,0.0,0.5,0.0,0.0,0.0,0.0,0.5,0.25,0.0,0.0,0.0,0.03,0.0775,0.1075,0.2475,4.5,11.4
Manuel Akanji,DEF,Man City,4,67.5,0.0,0.0,0.5,0.0,0.0,0.0,0.25,0.25,0.0,0.0,0.0,0.0075,0.055,0.0625,0.51,1.75,7.8
Manuel Benson Hedilazio,MID,Burnley,4,20.333333333333332,0.0,0.0,0.0,0.0,0.0,0.0,0.0,1.0,0.0,0.0,0.0,0.0,0.0,0.0,0.9766666666666666,18.75,10.8
Marc Cucurella Saseta,DEF,Chelsea,4,0.0,0.0,0.0,0.0,0.0,0.0,0.0,0.0,0.0,0.0,0.0,0.0,0.0,0.0,0.0,0.0,11.5,12.8
Marc Guéhi,DEF,Crystal Palace,4,90.0,0.0,0.0,0.25,0.0,0.0,0.0,0.0,1.0,0.0,0.0,0.0,0.01,0.0225,0.0325,1.2000000000000002,8.5,11.4
Marcos Senesi,DEF,Bournemouth,4,58.0,0.0,0.25,0.0,0.0,0.0,0.0,0.0,1.5,0.0,0.0,0.0,0.0,0.0625,0.0625,1.8025,14.0,11.2
Marcus Bettinelli,GK,Chelsea,4,0.0,0.0,0.0,0.0,0.0,0.0,0.0,0.0,0.0,0.0,0.0,0.0,0.0,0.0,0.0,0.0,11.5,12.8
Marcus Oliveira Alencar,MID,Arsenal,4,0.0,0.0,0.0,0.0,0.0,0.0,0.0,0.0,0.0,0.0,0.0,0.0,0.0,0.0,0.0,0.0,4.25,9.8
Marcus Rashford,MID,Man Utd,4,87.75,0.25,0.5,0.25,0.0,0.0,0.0,0.0,1.75,0.25,0.0,0.0,0.31,0.2875,0.5974999999999999,1.7650000000000001,9.0,11.6
Marcus Tavernier,MID,Bournemouth,4,4.75,0.0,0.25,0.0,0.0,0.0,0.0,0.0,0.25,0.0,0.0,0.0,0.0,0.07,0.07,0.4575,14.0,11.2
Marek Rodák,GK,Fulham,4,0.0,0.0,0.0,0.0,0.0,0.0,0.0,0.0,0.0,0.25,0.0,0.0,0.0,0.0,0.0,0.0,10.75,11.4
Mario Lemina,MID,Wolves,4,90.0,0.0,0.0,0.25,0.0,0.0,0.0,0.0,2.0,0.5,0.0,0.0,0.21249999999999997,0.015,0.22749999999999998,1.765,16.0,9.8
Mark Flekken,GK,Brentford,4,90.0,0.0,0.0,0.25,3.25,0.0,0.0,0.25,1.25,0.0,0.0,0.0,0.0,0.0,0.0,1.135,7.25,14.4
Mark Gillespie,GK,Newcastle,4,0.0,0.0,0.0,0.0,0.0,0.0,0.0,0.0,0.0,0.0,0.0,0.0,0.0,0.0,0.0,0.0,9.0,11.2
Mark Travers,GK,Bournemouth,4,0.0,0.0,0.0,0.0,0.0,0.0,0.0,0.0,0.0,0.0,0.0,0.0,0.0,0.0,0.0,0.0,14.0,11.2
Martin Dubravka,GK,Newcastle,4,0.0,0.0,0.0,0.0,0.0,0.0,0.0,0.0,0.0,0.0,0.0,0.0,0.0,0.0,0.0,0.0,9.0,11.2
Martin Ødegaard,MID,Arsenal,4,88.0,0.5,0.0,0.25,0.0,0.0,0.0,0.75,0.75,0.0,0.0,0.0,0.3475,0.095,0.4425,0.8075,4.25,9.8
Marvelous Nakamba,MID,Luton,4,90.0,0.0,0.0,0.0,0.0,0.0,0.0,0.0,3.0,0.6666666666666666,0.0,0.0,0.0033333333333333335,0.08333333333333333,0.08666666666666667,2.4166666666666665,18.25,11.4
Mason Burstow,FWD,Chelsea,4,2.0,0.0,0.0,0.0,0.0,0.0,0.0,0.0,0.25,0.0,0.0,0.0,0.0,0.0,0.0,0.225,11.5,12.8
Mason Holgate,DEF,Everton,4,0.0,0.0,0.0,0.0,0.0,0.0,0.0,0.0,0.0,0.0,0.0,0.0,0.0,0.0,0.0,0.0,18.25,10.2
Mason Mount,MID,Man Utd,4,37.75,0.0,0.0,0.25,0.0,0.0,0.0,0.0,0.5,0.0,0.0,0.0,0.0,0.0125,0.0125,0.7324999999999999,9.0,11.6
Mateo Kovačić,MID,Man City,4,81.25,0.0,0.0,0.5,0.0,0.0,0.0,0.0,0.5,0.0,0.0,0.0,0.037500000000000006,0.135,0.17250000000000001,0.5675,1.75,7.8
Matheus França de Oliveira,MID,Crystal Palace,4,0.0,0.0,0.0,0.0,0.0,0.0,0.0,0.0,0.0,0.0,0.0,0.0,0.0,0.0,0.0,0.0,8.5,11.4
Matheus Luiz Nunes,MID,Wolves,4,45.0,0.0,0.0,0.0,0.0,0.0,0.0,0.0,1.25,0.0,0.25,0.0,0.0125,0.0625,0.07500000000000001,0.9325,16.0,9.8
Matheus Santos Carneiro Da Cunha,FWD,Wolves,4,85.0,0.25,0.0,0.25,0.0,0.0,0.0,0.0,2.0,0.0,0.0,0.0,0.48,0.09500000000000001,0.575,1.68,16.0,9.8
Mathias Jensen,MID,Brentford,4,72.25,0.25,0.25,0.5,0.0,0.0,0.0,0.75,1.0,0.25,0.0,0.0,0.025,0.28750000000000003,0.3125,0.9525,7.25,14.4
Mathias Jorgensen,DEF,Brentford,4,1.5,0.0,0.0,0.0,0.0,0.0,0.0,0.0,0.0,0.0,0.0,0.0,0.0,0.0275,0.0275,0.03,7.25,14.4
Matija Šarkić,GK,Wolves,4,0.0,0.0,0.0,0.0,0.0,0.0,0.0,0.0,0.0,0.0,0.0,0.0,0.0,0.0,0.0,0.0,16.0,9.8
Matt Doherty,DEF,Wolves,4,0.0,0.0,0.0,0.0,0.0,0.0,0.0,0.0,0.0,0.0,0.0,0.0,0.0,0.0,0.0,0.0,16.0,9.8
Matt Macey,GK,Luton,4,0.0,0.0,0.0,0.0,0.0,0.0,0.0,0.0,0.0,0.0,0.0,0.0,0.0,0.0,0.0,0.0,18.25,11.4
Matt Ritchie,MID,Newcastle,4,0.0,0.0,0.0,0.0,0.0,0.0,0.0,0.0,0.0,0.0,0.0,0.0,0.0,0.0,0.0,0.0,9.0,11.2
Matt Targett,DEF,Newcastle,4,19.0,0.0,0.0,0.0,0.0,0.0,0.0,0.0,1.0,0.25,0.0,0.0,0.0,0.0025,0.0025,0.4425,9.0,11.2
Matt Turner,GK,Nott'm Forest,4,90.0,0.0,0.0,0.25,4.0,0.0,0.0,0.0,1.5,0.25,0.0,0.0,0.0,0.0,0.0,1.595,11.75,11.0
Matthew Cox,GK,Brentford,4,0.0,0.0,0.0,0.0,0.0,0.0,0.0,0.0,0.0,0.0,0.0,0.0,0.0,0.0,0.0,0.0,7.25,14.4
Matthew Dibley-Dias,MID,Fulham,4,0.0,0.0,0.0,0.0,0.0,0.0,0.0,0.0,0.0,0.0,0.0,0.0,0.0,0.0,0.0,0.0,10.75,11.4
Matty Cash,DEF,Aston Villa,4,89.0,0.5,0.0,0.25,0.0,0.0,0.0,0.75,2.0,0.25,0.0,0.25,0.5375,0.07250000000000001,0.61,1.67,11.5,8.8
Max Aarons,DEF,Bournemouth,4,86.0,0.0,0.0,0.0,0.0,0.0,0.0,0.0,2.0,0.25,0.0,0.0,0.005,0.0425,0.04750000000000001,2.3275,14.0,11.2
Max Kilman,DEF,Wolves,4,90.0,0.0,0.0,0.25,0.0,0.0,0.0,0.5,2.0,0.25,0.0,0.0,0.0075,0.05,0.0575,1.765,16.0,9.8
Max Lowe,DEF,Sheffield Utd,4,31.0,0.0,0.0,0.0,0.0,0.0,0.0,0.0,0.5,0.0,0.0,0.0,0.0,0.0025,0.0025,0.655,16.25,8.8
Maxwel Cornet,MID,West Ham,4,0.25,0.0,0.0,0.0,0.0,0.0,0.0,0.0,0.0,0.0,0.0,0.0,0.0,0.0,0.0,0.0,5.25,9.0
Michael Keane,DEF,Everton,4,45.25,0.0,0.0,0.0,0.0,0.0,0.0,0.0,1.25,0.25,0.0,0.0,0.01,0.0075,0.017499999999999998,1.2225,18.25,10.2
Michael Obafemi,FWD,Burnley,4,0.0,0.0,0.0,0.0,0.0,0.0,0.0,0.0,0.0,0.0,0.0,0.0,0.0,0.0,0.0,0.0,18.75,10.8
Michael Olise,MID,Crystal Palace,4,0.0,0.0,0.0,0.0,0.0,0.0,0.0,0.0,0.0,0.0,0.0,0.0,0.0,0.0,0.0,0.0,8.5,11.4
Michail Antonio,FWD,West Ham,4,77.25,0.5,0.0,0.75,0.0,0.0,0.0,1.0,0.25,0.25,0.0,0.0,0.2375,0.08750000000000001,0.325,1.2349999999999999,5.25,9.0
Michale Olakigbe,MID,Brentford,4,2.0,0.0,0.0,0.0,0.0,0.0,0.0,0.0,0.0,0.0,0.0,0.0,0.01,0.0025,0.0125,0.0,7.25,14.4
Michał Karbownik,DEF,Brighton,4,0.0,0.0,0.0,0.0,0.0,0.0,0.0,0.0,0.0,0.0,0.0,0.0,0.0,0.0,0.0,0.0,3.75,8.2
Micky van de Ven,DEF,Spurs,4,90.0,0.0,0.0,0.5,0.0,0.0,0.0,0.25,1.0,0.0,0.0,0.0,0.01,0.0125,0.022500000000000003,1.5075,4.5,11.4
Miguel Almirón Rejala,MID,Newcastle,4,79.25,0.0,0.0,0.0,0.0,0.0,0.0,0.0,1.25,0.0,0.0,0.0,0.18,0.030000000000000002,0.21,1.145,9.0,11.2
Mikkel Damsgaard,MID,Brentford,4,13.0,0.0,0.0,0.0,0.0,0.0,0.0,0.0,0.0,0.0,0.0,0.0,0.0175,0.0025,0.02,0.16499999999999998,7.25,14.4
Milos Kerkez,DEF,Bournemouth,4,90.0,0.0,0.0,0.0,0.0,0.0,0.0,0.0,2.0,0.0,0.0,0.0,0.0,0.04,0.04,2.375,14.0,11.2
Mohamed Dräger,DEF,Nott'm Forest,4,0.0,0.0,0.0,0.0,0.0,0.0,0.0,0.0,0.0,0.0,0.0,0.0,0.0,0.0,0.0,0.0,11.75,11.0
Mohamed Elneny,MID,Arsenal,4,0.0,0.0,0.0,0.0,0.0,0.0,0.0,0.0,0.0,0.0,0.0,0.0,0.0,0.0,0.0,0.0,4.25,9.8
Mohamed Salah,MID,Liverpool,4,85.25,0.5,0.5,0.25,0.0,0.0,0.25,0.0,0.75,0.0,0.0,0.0,0.6225,0.1525,0.7749999999999999,1.235,5.5,9.0
Mohammed Kudus,MID,West Ham,4,1.0,0.0,0.0,0.0,0.0,0.0,0.0,0.0,1.0,0.0,0.0,0.0,0.0,0.0,0.0,0.15,5.25,9.0
Moisés Caicedo Corozo,MID,Chelsea,4,48.75,0.0,0.0,0.25,0.0,0.0,0.0,0.0,0.5,0.0,0.0,0.0,0.0275,0.025,0.0525,0.505,11.5,12.8
Morgan Gibbs-White,MID,Nott'm Forest,4,90.0,0.0,0.5,0.25,0.0,0.0,0.0,0.25,1.5,0.25,0.0,0.0,0.1,0.2125,0.3125,1.595,11.75,11.0
Morgan Sanson,MID,Aston Villa,4,0.0,0.0,0.0,0.0,0.0,0.0,0.0,0.0,0.0,0.0,0.0,0.0,0.0,0.0,0.0,0.0,11.5,8.8
Moussa Diaby,MID,Aston Villa,4,77.75,0.5,0.25,0.25,0.0,0.0,0.0,0.5,2.0,0.0,0.0,0.0,0.2425,0.1175,0.36,1.5474999999999999,11.5,8.8
Moussa Niakhaté,DEF,Nott'm Forest,4,8.5,0.0,0.0,0.0,0.0,0.0,0.0,0.0,0.25,0.0,0.0,0.0,0.0,0.0025,0.0025,0.3275,11.75,11.0
Murillo Santiago Costa dos Santos,DEF,Nott'm Forest,4,0.0,0.0,0.0,0.0,0.0,0.0,0.0,0.0,0.0,0.0,0.0,0.0,0.0,0.0,0.0,0.0,11.75,11.0
Mykhailo Mudryk,MID,Chelsea,4,16.75,0.0,0.0,0.0,0.0,0.0,0.0,0.0,0.5,0.0,0.0,0.0,0.025,0.0425,0.0675,0.29500000000000004,11.5,12.8
Máximo Perrone,MID,Man City,4,0.0,0.0,0.0,0.0,0.0,0.0,0.0,0.0,0.0,0.0,0.0,0.0,0.0,0.0,0.0,0.0,1.75,7.8
Naouirou Ahamada,MID,Crystal Palace,4,8.75,0.0,0.0,0.0,0.0,0.0,0.0,0.0,0.0,0.0,0.0,0.0,0.0,0.005,0.005,0.1125,8.5,11.4
Nathan Aké,DEF,Man City,4,64.5,0.25,0.0,0.25,0.0,0.0,0.0,0.25,0.5,0.0,0.0,0.0,0.1125,0.0075,0.12,0.6025,1.75,7.8
Nathan Collins,DEF,Brentford,4,69.75,0.0,0.25,0.25,0.0,0.0,0.0,0.0,0.75,0.0,0.0,0.0,0.0325,0.11250000000000002,0.14500000000000002,0.63,7.25,14.4
Nathan Fraser,FWD,Wolves,4,0.0,0.0,0.0,0.0,0.0,0.0,0.0,0.0,0.0,0.0,0.0,0.0,0.0,0.0,0.0,0.0,16.0,9.8
Nathan Patterson,DEF,Everton,4,90.0,0.0,0.25,0.0,0.0,0.0,0.0,0.5,2.0,0.25,0.0,0.0,0.08499999999999999,0.14750000000000002,0.2325,1.7525,18.25,10.2
Nathan Redmond,MID,Burnley,4,17.666666666666668,0.0,0.0,0.0,0.0,0.0,0.0,0.0,0.6666666666666666,0.0,0.0,0.0,0.0,0.08666666666666667,0.08666666666666667,0.4466666666666667,18.75,10.8
Nathaniel Clyne,DEF,Crystal Palace,4,0.0,0.0,0.0,0.0,0.0,0.0,0.0,0.0,0.0,0.0,0.0,0.0,0.0,0.0,0.0,0.0,8.5,11.4
Nathaniel Phillips,DEF,Liverpool,4,0.0,0.0,0.0,0.0,0.0,0.0,0.0,0.0,0.0,0.0,0.0,0.0,0.0,0.0,0.0,0.0,5.5,9.0
Nayef Aguerd,DEF,West Ham,4,61.5,0.25,0.0,0.0,0.0,0.0,0.0,0.0,0.75,0.0,0.25,0.0,0.0325,0.0025,0.035,1.3575,5.25,9.0
Neal Maupay,FWD,Everton,4,27.5,0.0,0.0,0.25,0.0,0.0,0.0,0.0,0.5,0.0,0.0,0.0,0.375,0.005,0.38,0.325,18.25,10.2
Neco Williams,DEF,Nott'm Forest,4,27.0,0.0,0.0,0.0,0.0,0.0,0.0,0.0,0.25,0.0,0.0,0.0,0.005,0.0175,0.0225,0.2425,11.75,11.0
Nick Pope,GK,Newcastle,4,90.0,0.0,0.0,0.0,3.5,0.0,0.0,0.0,1.75,0.0,0.0,0.0,0.005,0.0,0.005,1.3399999999999999,9.0,11.2
Nicolas Jackson,FWD,Chelsea,4,88.0,0.25,0.0,0.25,0.0,0.0,0.0,0.25,1.25,0.75,0.0,0.0,0.7375,0.15999999999999998,0.8975,1.0375,11.5,12.8
Nicolas Pépé,MID,Arsenal,4,0.0,0.0,0.0,0.0,0.0,0.0,0.0,0.0,0.0,0.0,0.0,0.0,0.0,0.0,0.0,0.0,4.25,9.8
Nicolò Zaniolo,MID,Aston Villa,4,21.0,0.0,0.0,0.0,0.0,0.0,0.0,0.0,0.0,0.0,0.0,0.0,0.105,0.055,0.16,0.32,11.5,8.8
Nikola Vlašić,MID,West Ham,4,0.0,0.0,0.0,0.0,0.0,0.0,0.0,0.0,0.0,0.0,0.0,0.0,0.0,0.0,0.0,0.0,5.25,9.0
Noni Madueke,MID,Chelsea,4,10.75,0.0,0.0,0.0,0.0,0.0,0.0,0.0,0.25,0.0,0.0,0.0,0.0175,0.0325,0.05,0.2475,11.5,12.8
Norberto Bercique Gomes Betuncal,FWD,Everton,4,90.0,0.0,0.0,0.0,0.0,0.0,0.0,0.0,2.0,0.0,0.0,0.0,0.22,0.05,0.27,1.24,18.25,10.2
Norberto Murara Neto,GK,Bournemouth,4,90.0,0.0,0.0,0.0,4.5,0.25,0.0,0.75,2.0,0.5,0.0,0.0,0.0,0.0025,0.0025,2.375,14.0,11.2
Nuno Varela Tavares,DEF,Nott'm Forest,4,4.5,0.0,0.0,0.0,0.0,0.0,0.0,0.0,0.0,0.25,0.0,0.0,0.0,0.0,0.0,0.1475,11.75,11.0
Nélson Cabral Semedo,DEF,Wolves,4,90.0,0.0,0.0,0.25,0.0,0.0,0.0,0.0,2.0,0.5,0.0,0.0,0.01,0.045,0.055,1.765,16.0,9.8
Odsonne Edouard,FWD,Crystal Palace,4,84.75,0.75,0.0,0.25,0.0,0.0,0.0,1.0,0.75,0.0,0.0,0.0,0.6225,0.060000000000000005,0.6825,0.9575,8.5,11.4
Oleksandr Zinchenko,DEF,Arsenal,4,27.5,0.0,0.0,0.0,0.0,0.0,0.0,0.0,0.5,0.0,0.0,0.0,0.0,0.015,0.015,0.35250000000000004,4.25,9.8
Oliver McBurnie,FWD,Sheffield Utd,4,27.25,0.0,0.25,0.0,0.0,0.0,0.0,0.0,0.75,0.0,0.0,0.0,0.0975,0.1325,0.22999999999999998,0.8274999999999999,16.25,8.8
Oliver Norwood,MID,Sheffield Utd,4,87.25,0.0,0.0,0.0,0.0,0.0,0.0,0.0,1.5,0.25,0.0,0.0,0.0175,0.105,0.1225,2.2175000000000002,16.25,8.8
Oliver Skipp,MID,Spurs,4,23.75,0.0,0.0,0.0,0.0,0.0,0.0,0.0,0.75,0.25,0.0,0.0,0.0,0.005,0.005,0.49,4.5,11.4
Oliwier Zych,GK,Aston Villa,4,0.0,0.0,0.0,0.0,0.0,0.0,0.0,0.0,0.0,0.0,0.0,0.0,0.0,0.0,0.0,0.0,11.5,8.8
Ollie Watkins,FWD,Aston Villa,4,80.0,0.0,0.75,0.25,0.0,0.0,0.0,0.0,2.25,0.0,0.0,0.0,0.34,0.045,0.385,1.705,11.5,8.8
Olu Aina,DEF,Nott'm Forest,4,58.25,0.0,0.0,0.25,0.0,0.0,0.0,0.0,1.25,0.75,0.0,0.0,0.005,0.0025,0.0075,1.2075,11.75,11.0
Omar Richards,DEF,Nott'm Forest,4,0.0,0.0,0.0,0.0,0.0,0.0,0.0,0.0,0.0,0.0,0.0,0.0,0.0,0.0,0.0,0.0,11.75,11.0
Omari Forson,MID,Man Utd,4,0.0,0.0,0.0,0.0,0.0,0.0,0.0,0.0,0.0,0.0,0.0,0.0,0.0,0.0,0.0,0.0,9.0,11.6
Omari Kellyman,MID,Aston Villa,4,0.0,0.0,0.0,0.0,0.0,0.0,0.0,0.0,0.0,0.0,0.0,0.0,0.0,0.0,0.0,0.0,11.5,8.8
Orel Mangala,MID,Nott'm Forest,4,57.0,0.0,0.0,0.25,0.0,0.0,0.0,0.0,0.75,0.25,0.0,0.0,0.0025,0.0,0.0025,0.6325000000000001,11.75,11.0
Oscar Bobb,MID,Man City,4,0.25,0.0,0.0,0.0,0.0,0.0,0.0,0.0,0.0,0.0,0.0,0.0,0.0,0.0025,0.0025,0.0,1.75,7.8
Owen Dodgson,DEF,Burnley,4,0.0,0.0,0.0,0.0,0.0,0.0,0.0,0.0,0.0,0.0,0.0,0.0,0.0,0.0,0.0,0.0,18.75,10.8
Pablo Fornals Malla,MID,West Ham,4,31.0,0.0,0.0,0.0,0.0,0.0,0.0,0.0,0.5,0.0,0.0,0.0,0.05,0.024999999999999998,0.075,0.54,5.25,9.0
Pablo Sarabia,MID,Wolves,4,43.0,0.0,0.25,0.25,0.0,0.0,0.0,0.0,0.25,0.0,0.0,0.0,0.10250000000000001,0.1675,0.27,0.5725,16.0,9.8
Pape Matar Sarr,MID,Spurs,4,53.75,0.25,0.25,0.25,0.0,0.0,0.0,0.5,0.25,0.25,0.0,0.0,0.32,0.12249999999999998,0.4425,0.7949999999999999,4.5,11.4
Pascal Groß,MID,Brighton,4,87.0,0.25,0.0,0.25,0.0,0.0,0.0,0.75,1.25,0.25,0.0,0.0,0.1625,0.25,0.4125,1.8800000000000001,3.75,8.2
Pau Torres,DEF,Aston Villa,4,82.25,0.0,0.0,0.25,0.0,0.0,0.0,0.0,1.75,0.0,0.0,0.0,0.0075,0.0075,0.015,1.56,11.5,8.8
Paul Dummett,DEF,Newcastle,4,0.0,0.0,0.0,0.0,0.0,0.0,0.0,0.0,0.0,0.0,0.0,0.0,0.0,0.0,0.0,0.0,9.0,11.2
Pedro Lomba Neto,MID,Wolves,4,90.0,0.0,0.75,0.25,0.0,0.0,0.0,0.75,2.0,0.25,0.0,0.0,0.2775,0.3425,0.62,1.765,16.0,9.8
Pedro Porro,DEF,Spurs,4,66.75,0.0,0.25,0.5,0.0,0.0,0.0,0.0,0.5,0.0,0.0,0.0,0.0925,0.0975,0.19,0.9375,4.5,11.4
Pelly Ruddock Mpanzu,MID,Luton,4,39.666666666666664,0.0,0.0,0.0,0.0,0.0,0.0,0.0,1.3333333333333333,0.0,0.0,0.0,0.09000000000000001,0.18666666666666668,0.27666666666666667,1.0533333333333335,18.25,11.4
Pervis Estupiñán,DEF,Brighton,4,90.0,0.25,0.5,0.0,0.0,0.0,0.0,1.0,1.5,0.5,0.0,0.0,0.0975,0.28,0.3775,2.035,3.75,8.2
Phil Foden,MID,Man City,4,68.25,0.0,0.75,0.5,0.0,0.0,0.0,0.75,0.25,0.0,0.0,0.0,0.155,0.21,0.365,0.6125,1.75,7.8
Philip Billing,MID,Bournemouth,4,88.75,0.0,0.0,0.0,0.0,0.0,0.0,0.0,2.0,0.0,0.0,0.0,0.21,0.05,0.26,2.3175,14.0,11.2
Philippe Coutinho Correia,MID,Aston Villa,4,6.0,0.0,0.0,0.0,0.0,0.0,0.0,0.0,0.25,0.0,0.0,0.0,0.037500000000000006,0.005,0.042499999999999996,0.17,11.5,8.8
Pierre-Emerick Aubameyang,FWD,Chelsea,4,0.0,0.0,0.0,0.0,0.0,0.0,0.0,0.0,0.0,0.0,0.0,0.0,0.0,0.0,0.0,0.0,11.5,12.8
Pierre-Emile Højbjerg,MID,Spurs,4,16.5,0.0,0.0,0.0,0.0,0.0,0.0,0.0,0.25,0.25,0.0,0.0,0.0,0.065,0.065,0.2825,4.5,11.4
Radek Vítek,GK,Man Utd,4,0.0,0.0,0.0,0.0,0.0,0.0,0.0,0.0,0.0,0.0,0.0,0.0,0.0,0.0,0.0,0.0,9.0,11.6
Raheem Sterling,MID,Chelsea,4,87.5,0.5,0.25,0.25,0.0,0.0,0.0,0.75,1.25,0.0,0.0,0.0,0.28500000000000003,0.2075,0.4925,1.0425,11.5,12.8
Raphaël Varane,DEF,Man Utd,4,56.25,0.25,0.0,0.25,0.0,0.0,0.0,0.5,1.0,0.0,0.0,0.0,0.14500000000000002,0.01,0.155,1.26,9.0,11.6
Rasmus Højlund,FWD,Man Utd,4,5.75,0.0,0.0,0.0,0.0,0.0,0.0,0.0,0.5,0.0,0.0,0.0,0.0825,0.0,0.0825,0.3,9.0,11.6
Rayan Aït-Nouri,DEF,Wolves,4,72.0,0.0,0.0,0.0,0.0,0.0,0.0,0.0,1.75,0.5,0.0,0.0,0.0525,0.035,0.08750000000000001,1.48,16.0,9.8
Raúl Jiménez,FWD,Fulham,4,78.0,0.0,0.0,0.0,0.0,0.0,0.0,0.0,2.0,0.25,0.0,0.0,0.125,0.065,0.19,2.4975,10.75,11.4
Reece Burke,DEF,Luton,4,55.333333333333336,0.0,0.0,0.0,0.0,0.0,0.0,0.0,1.6666666666666667,0.0,0.0,0.0,0.08666666666666667,0.006666666666666667,0.09333333333333334,1.0266666666666666,18.25,11.4
Reece James,DEF,Chelsea,4,18.75,0.0,0.0,0.0,0.0,0.0,0.0,0.0,0.25,0.0,0.0,0.0,0.0075,0.105,0.1125,0.3075,11.5,12.8
Reiss Nelson,MID,Arsenal,4,0.25,0.0,0.0,0.0,0.0,0.0,0.0,0.0,0.0,0.0,0.0,0.0,0.0,0.0025,0.0025,0.0,4.25,9.8
Remi Matthews,GK,Crystal Palace,4,0.0,0.0,0.0,0.0,0.0,0.0,0.0,0.0,0.0,0.0,0.0,0.0,0.0,0.0,0.0,0.0,8.5,11.4
Remo Freuler,MID,Nott'm Forest,4,0.0,0.0,0.0,0.0,0.0,0.0,0.0,0.0,0.0,0.0,0.0,0.0,0.0,0.0,0.0,0.0,11.75,11.0
Rhian Brewster,FWD,Sheffield Utd,4,0.0,0.0,0.0,0.0,0.0,0.0,0.0,0.0,0.0,0.0,0.0,0.0,0.0,0.0,0.0,0.0,16.25,8.8
Rhys Norrington-Davies,DEF,Sheffield Utd,4,0.0,0.0,0.0,0.0,0.0,0.0,0.0,0.0,0.0,0.0,0.0,0.0,0.0,0.0,0.0,0.0,16.25,8.8
Richarlison de Andrade,MID,Spurs,4,59.0,0.0,0.0,0.25,0.0,0.0,0.0,0.0,0.75,0.25,0.0,0.0,0.1175,0.015000000000000001,0.1325,1.1975,4.5,11.4
Richie Laryea,DEF,Nott'm Forest,4,0.0,0.0,0.0,0.0,0.0,0.0,0.0,0.0,0.0,0.0,0.0,0.0,0.0,0.0,0.0,0.0,11.75,11.0
Rico Henry,DEF,Brentford,4,90.0,0.0,0.25,0.25,0.0,0.0,0.0,0.0,1.25,0.25,0.0,0.0,0.0175,0.2225,0.24,1.135,7.25,14.4
Rico Lewis,DEF,Man City,4,19.75,0.0,0.0,0.25,0.0,0.0,0.0,0.0,0.0,0.0,0.0,0.0,0.0,0.005,0.005,0.0575,1.75,7.8
Riyad Mahrez,MID,Man City,4,0.0,0.0,0.0,0.0,0.0,0.0,0.0,0.0,0.0,0.0,0.0,0.0,0.0,0.0,0.0,0.0,1.75,7.8
Rob Holding,DEF,Arsenal,4,0.0,0.0,0.0,0.0,0.0,0.0,0.0,0.0,0.0,0.0,0.0,0.0,0.0,0.0,0.0,0.0,4.25,9.8
Robert Sánchez,GK,Chelsea,4,90.0,0.0,0.0,0.25,1.5,0.0,0.0,0.0,1.25,0.0,0.0,0.0,0.0,0.0,0.0,1.055,11.5,12.8
Robin Olsen,GK,Aston Villa,4,22.5,0.0,0.0,0.0,0.25,0.0,0.0,0.0,0.25,0.0,0.0,0.0,0.0,0.0,0.0,0.1825,11.5,8.8
Rodrigo Bentancur,MID,Spurs,4,0.0,0.0,0.0,0.0,0.0,0.0,0.0,0.0,0.0,0.0,0.0,0.0,0.0,0.0,0.0,0.0,4.5,11.4
Rodrigo Hernandez,MID,Man City,4,86.25,0.5,0.25,0.5,0.0,0.0,0.0,1.25,0.5,0.25,0.0,0.0,0.1925,0.10250000000000001,0.295,0.6925,1.75,7.8
Rodrigo Muniz Carvalho,FWD,Fulham,4,3.25,0.0,0.0,0.0,0.0,0.0,0.0,0.0,0.5,0.0,0.0,0.0,0.0,0.0075,0.0075,0.365,10.75,11.4
Romelu Lukaku Bolingoli,FWD,Chelsea,4,0.0,0.0,0.0,0.0,0.0,0.0,0.0,0.0,0.0,0.0,0.0,0.0,0.0,0.0,0.0,0.0,11.5,12.8
Roméo Lavia,MID,Chelsea,4,0.0,0.0,0.0,0.0,0.0,0.0,0.0,0.0,0.0,0.0,0.0,0.0,0.0,0.0,0.0,0.0,11.5,12.8
Ross Barkley,MID,Luton,4,48.666666666666664,0.0,0.0,0.0,0.0,0.0,0.0,0.0,1.3333333333333333,0.0,0.0,0.0,0.08,0.10333333333333333,0.18333333333333335,0.96,18.25,11.4
Ryan Christie,MID,Bournemouth,4,68.25,0.0,0.0,0.0,0.0,0.0,0.0,0.0,1.5,0.0,0.0,0.0,0.0425,0.0475,0.09,1.8399999999999999,14.0,11.2
Ryan Fraser,MID,Newcastle,4,0.0,0.0,0.0,0.0,0.0,0.0,0.0,0.0,0.0,0.0,0.0,0.0,0.0,0.0,0.0,0.0,9.0,11.2
Ryan Fredericks,DEF,Bournemouth,4,0.0,0.0,0.0,0.0,0.0,0.0,0.0,0.0,0.0,0.0,0.0,0.0,0.0,0.0,0.0,0.0,14.0,11.2
Ryan Giles,DEF,Luton,4,83.33333333333333,0.0,0.0,0.0,0.0,0.0,0.0,0.0,2.6666666666666665,0.0,0.0,0.0,0.02,0.10666666666666667,0.12666666666666668,2.35,18.25,11.4
Ryan Sessegnon,DEF,Spurs,4,0.0,0.0,0.0,0.0,0.0,0.0,0.0,0.0,0.0,0.0,0.0,0.0,0.0,0.0,0.0,0.0,4.5,11.4
Ryan Trevitt,MID,Brentford,4,0.0,0.0,0.0,0.0,0.0,0.0,0.0,0.0,0.0,0.0,0.0,0.0,0.0,0.0,0.0,0.0,7.25,14.4
Ryan Yates,MID,Nott'm Forest,4,72.75,0.0,0.0,0.25,0.0,0.0,0.0,0.0,1.25,0.25,0.0,0.0,0.005,0.005,0.01,1.5350000000000001,11.75,11.0
Rúben Gato Alves Dias,DEF,Man City,4,67.5,0.0,0.0,0.25,0.0,0.0,0.0,0.25,0.5,0.0,0.0,0.0,0.0075,0.03,0.037500000000000006,0.6174999999999999,1.75,7.8
Rúnar Alex Rúnarsson,GK,Arsenal,4,0.0,0.0,0.0,0.0,0.0,0.0,0.0,0.0,0.0,0.0,0.0,0.0,0.0,0.0,0.0,0.0,4.25,9.8
Sam Johnstone,GK,Crystal Palace,4,90.0,0.0,0.0,0.25,1.25,0.0,0.0,0.0,1.0,0.0,0.0,0.0,0.0,0.0,0.0,1.2000000000000002,8.5,11.4
Sam Surridge,FWD,Nott'm Forest,4,0.0,0.0,0.0,0.0,0.0,0.0,0.0,0.0,0.0,0.0,0.0,0.0,0.0,0.0,0.0,0.0,11.75,11.0
Saman Ghoddos,MID,Brentford,4,0.0,0.0,0.0,0.0,0.0,0.0,0.0,0.0,0.0,0.0,0.0,0.0,0.0,0.0,0.0,0.0,7.25,14.4
Samuel Bastien,MID,Burnley,4,0.0,0.0,0.0,0.0,0.0,0.0,0.0,0.0,0.0,0.0,0.0,0.0,0.0,0.0,0.0,0.0,18.75,10.8
Sander Berge,MID,Burnley,4,67.33333333333333,0.0,0.0,0.0,0.0,0.0,0.0,0.0,2.6666666666666665,0.3333333333333333,0.0,0.0,0.0,0.01,0.01,1.7866666666666664,18.75,10.8
Sandro Tonali,MID,Newcastle,4,71.0,0.25,0.0,0.25,0.0,0.0,0.0,0.0,0.75,0.5,0.0,0.0,0.155,0.052500000000000005,0.2075,1.0274999999999999,9.0,11.2
Santiago Bueno,DEF,Wolves,4,0.0,0.0,0.0,0.0,0.0,0.0,0.0,0.0,0.0,0.0,0.0,0.0,0.0,0.0,0.0,0.0,16.0,9.8
Sasa Kalajdzic,FWD,Wolves,4,4.0,0.25,0.0,0.0,0.0,0.0,0.0,0.25,0.25,0.0,0.0,0.0,0.065,0.0025,0.0675,0.075,16.0,9.8
Saïd Benrahma,MID,West Ham,4,69.75,0.0,0.25,0.25,0.0,0.0,0.0,0.0,0.75,0.0,0.0,0.0,0.095,0.135,0.22999999999999998,1.4375,5.25,9.0
Saša Lukić,MID,Fulham,4,62.5,0.0,0.0,0.25,0.0,0.0,0.0,0.0,1.0,0.25,0.0,0.0,0.01,0.015000000000000001,0.025,2.2125,10.75,11.4
Scott Carson,GK,Man City,4,0.0,0.0,0.0,0.0,0.0,0.0,0.0,0.0,0.0,0.0,0.0,0.0,0.0,0.0,0.0,0.0,1.75,7.8
Scott McKenna,DEF,Nott'm Forest,4,81.5,0.0,0.0,0.25,0.0,0.0,0.0,0.25,1.25,0.0,0.0,0.0,0.0475,0.025,0.07250000000000001,1.27,11.75,11.0
Scott McTominay,MID,Man Utd,4,1.75,0.0,0.0,0.0,0.0,0.0,0.0,0.0,0.0,0.0,0.0,0.0,0.0,0.0,0.0,0.12000000000000001,9.0,11.6
Scott Twine,MID,Burnley,4,0.0,0.0,0.0,0.0,0.0,0.0,0.0,0.0,0.0,0.0,0.0,0.0,0.0,0.0,0.0,0.0,18.75,10.8
Seamus Coleman,DEF,Everton,4,0.0,0.0,0.0,0.0,0.0,0.0,0.0,0.0,0.0,0.0,0.0,0.0,0.0,0.0,0.0,0.0,18.25,10.2
Sean Longstaff,MID,Newcastle,4,22.0,0.0,0.25,0.0,0.0,0.0,0.0,0.0,1.0,0.0,0.0,0.0,0.04,0.005,0.045000000000000005,0.405,9.0,11.2
Sepp van den Berg,DEF,Liverpool,4,0.0,0.0,0.0,0.0,0.0,0.0,0.0,0.0,0.0,0.0,0.0,0.0,0.0,0.0,0.0,0.0,5.5,9.0
Serge Aurier,DEF,Nott'm Forest,4,85.25,0.0,0.5,0.25,0.0,0.0,0.0,0.75,1.5,0.5,0.0,0.0,0.0025,0.065,0.0675,1.4475,11.75,11.0
Sergi Canós Tenés,MID,Brentford,4,0.0,0.0,0.0,0.0,0.0,0.0,0.0,0.0,0.0,0.0,0.0,0.0,0.0,0.0,0.0,0.0,7.25,14.4
Sergio Gómez,DEF,Man City,4,3.5,0.0,0.25,0.0,0.0,0.0,0.0,0.0,0.0,0.0,0.0,0.0,0.0,0.02,0.02,0.0,1.75,7.8
Sergio Reguilón,DEF,Spurs,4,0.0,0.0,0.0,0.0,0.0,0.0,0.0,0.0,0.0,0.0,0.0,0.0,0.0,0.0,0.0,0.0,4.5,11.4
Shandon Baptiste,MID,Brentford,4,4.5,0.0,0.0,0.0,0.0,0.0,0.0,0.0,0.0,0.0,0.0,0.0,0.0,0.0025,0.0025,0.06,7.25,14.4
Shea Charles,MID,Man City,4,0.0,0.0,0.0,0.0,0.0,0.0,0.0,0.0,0.0,0.0,0.0,0.0,0.0,0.0,0.0,0.0,1.75,7.8
Shola Shoretire,FWD,Man Utd,4,0.0,0.0,0.0,0.0,0.0,0.0,0.0,0.0,0.0,0.0,0.0,0.0,0.0,0.0,0.0,0.0,9.0,11.6
Simon Adingra,MID,Brighton,4,8.75,0.25,0.0,0.0,0.0,0.0,0.0,0.0,0.5,0.0,0.0,0.0,0.0875,0.01,0.0975,0.505,3.75,8.2
Siriki Dembélé,MID,Bournemouth,4,0.0,0.0,0.0,0.0,0.0,0.0,0.0,0.0,0.0,0.0,0.0,0.0,0.0,0.0,0.0,0.0,14.0,11.2
Solly March,MID,Brighton,4,78.5,0.75,0.0,0.5,0.0,0.0,0.0,1.0,1.0,0.0,0.0,0.0,0.3975,0.1,0.49749999999999994,1.5275,3.75,8.2
Son Heung-min,MID,Spurs,4,81.25,0.75,0.0,0.5,0.0,0.0,0.0,0.75,0.75,0.0,0.0,0.0,0.34500000000000003,0.1975,0.5425,1.2775,4.5,11.4
Stefan Bajcetic,MID,Liverpool,4,0.0,0.0,0.0,0.0,0.0,0.0,0.0,0.0,0.0,0.0,0.0,0.0,0.0,0.0,0.0,0.0,5.5,9.0
Stefan Ortega Moreno,GK,Man City,4,0.0,0.0,0.0,0.0,0.0,0.0,0.0,0.0,0.0,0.0,0.0,0.0,0.0,0.0,0.0,0.0,1.75,7.8
Steve Cook,DEF,Nott'm Forest,4,0.0,0.0,0.0,0.0,0.0,0.0,0.0,0.0,0.0,0.0,0.0,0.0,0.0,0.0,0.0,0.0,11.75,11.0
Steven Alzate,MID,Brighton,4,0.0,0.0,0.0,0.0,0.0,0.0,0.0,0.0,0.0,0.0,0.0,0.0,0.0,0.0,0.0,0.0,3.75,8.2
Steven Benda,GK,Fulham,4,0.0,0.0,0.0,0.0,0.0,0.0,0.0,0.0,0.0,0.0,0.0,0.0,0.0,0.0,0.0,0.0,10.75,11.4
Sven Botman,DEF,Newcastle,4,66.5,0.0,0.25,0.0,0.0,0.0,0.0,0.25,0.75,0.25,0.0,0.0,0.04,0.065,0.10500000000000001,0.875,9.0,11.2
Tahith Chong,MID,Luton,4,82.0,0.0,0.0,0.0,0.0,0.0,0.0,0.0,2.3333333333333335,0.0,0.0,0.0,0.07333333333333333,0.023333333333333334,0.09666666666666666,1.92,18.25,11.4
Taiwo Awoniyi,FWD,Nott'm Forest,4,61.5,0.75,0.25,0.25,0.0,0.0,0.0,0.75,1.0,0.0,0.0,0.0,0.4575,0.0725,0.53,1.325,11.75,11.0
Takehiro Tomiyasu,DEF,Arsenal,4,30.0,0.0,0.0,0.25,0.0,0.0,0.0,0.0,0.25,0.0,0.25,0.0,0.0075,0.0175,0.025,0.6875,4.25,9.8
Tanguy Ndombélé Alvaro,MID,Spurs,4,0.0,0.0,0.0,0.0,0.0,0.0,0.0,0.0,0.0,0.0,0.0,0.0,0.0,0.0,0.0,0.0,4.5,11.4
Tariq Lamptey,DEF,Brighton,4,3.25,0.0,0.0,0.0,0.0,0.0,0.0,0.0,0.25,0.25,0.0,0.0,0.0,0.0,0.0,0.1175,3.75,8.2
Teden Mengi,DEF,Man Utd,4,0.0,0.0,0.0,0.0,0.0,0.0,0.0,0.0,0.0,0.0,0.0,0.0,0.0,0.0,0.0,0.0,9.0,11.6
Terence Kongolo,DEF,Fulham,4,0.0,0.0,0.0,0.0,0.0,0.0,0.0,0.0,0.0,0.0,0.0,0.0,0.0,0.0,0.0,0.0,10.75,11.4
Thiago Alcántara do Nascimento,MID,Liverpool,4,0.0,0.0,0.0,0.0,0.0,0.0,0.0,0.0,0.0,0.0,0.0,0.0,0.0,0.0,0.0,0.0,5.5,9.0
Thiago Emiliano da Silva,DEF,Chelsea,4,90.0,0.0,0.0,0.25,0.0,0.0,0.0,0.0,1.25,0.0,0.0,0.0,0.025,0.037500000000000006,0.0625,1.055,11.5,12.8
Thilo Kehrer,DEF,West Ham,4,3.75,0.0,0.0,0.0,0.0,0.0,0.0,0.0,0.25,0.25,0.0,0.0,0.0,0.0,0.0,0.1125,5.25,9.0
Thomas Cannon,FWD,Everton,4,0.25,0.0,0.0,0.0,0.0,0.0,0.0,0.0,0.0,0.0,0.0,0.0,0.0,0.0,0.0,0.07,18.25,10.2
Thomas Kaminski,GK,Luton,4,90.0,0.0,0.0,0.0,4.666666666666667,0.0,0.0,0.3333333333333333,3.0,0.0,0.0,0.0,0.0,0.0,0.0,2.4166666666666665,18.25,11.4
Thomas Partey,MID,Arsenal,4,58.75,0.0,0.0,0.25,0.0,0.0,0.0,0.0,0.5,0.0,0.0,0.0,0.0175,0.0475,0.065,0.6325,4.25,9.8
Thomas Strakosha,GK,Brentford,4,0.0,0.0,0.0,0.0,0.0,0.0,0.0,0.0,0.0,0.0,0.0,0.0,0.0,0.0,0.0,0.0,7.25,14.4
Tim Iroegbunam,MID,Aston Villa,4,0.0,0.0,0.0,0.0,0.0,0.0,0.0,0.0,0.0,0.0,0.0,0.0,0.0,0.0,0.0,0.0,11.5,8.8
Tim Krul,GK,Luton,4,0.0,0.0,0.0,0.0,0.0,0.0,0.0,0.0,0.0,0.0,0.0,0.0,0.0,0.0,0.0,0.0,18.25,11.4
Tim Ream,DEF,Fulham,4,60.75,0.25,0.0,0.25,0.0,0.0,0.0,0.5,2.0,0.0,0.25,0.0,0.24,0.005,0.245,2.8625,10.75,11.4
Timothy Castagne,DEF,Fulham,4,17.0,0.0,0.0,0.0,0.0,0.0,0.0,0.0,1.0,0.0,0.0,0.0,0.0,0.03,0.03,0.19,10.75,11.4
Tino Livramento,DEF,Newcastle,4,1.0,0.0,0.0,0.0,0.0,0.0,0.0,0.0,0.0,0.0,0.0,0.0,0.0,0.0,0.0,0.07,9.0,11.2
Tom Cairney,MID,Fulham,4,24.75,0.0,0.0,0.0,0.0,0.0,0.0,0.0,0.5,0.0,0.0,0.0,0.01,0.02,0.03,0.9624999999999999,10.75,11.4
Tom Davies,MID,Sheffield Utd,4,0.0,0.0,0.0,0.0,0.0,0.0,0.0,0.0,0.0,0.0,0.0,0.0,0.0,0.0,0.0,0.0,16.25,8.8
Tom Heaton,GK,Man Utd,4,0.0,0.0,0.0,0.0,0.0,0.0,0.0,0.0,0.0,0.0,0.0,0.0,0.0,0.0,0.0,0.0,9.0,11.6
Tom King,GK,Wolves,4,0.0,0.0,0.0,0.0,0.0,0.0,0.0,0.0,0.0,0.0,0.0,0.0,0.0,0.0,0.0,0.0,16.0,9.8
Tom Lockyer,DEF,Luton,4,60.0,0.0,0.0,0.0,0.0,0.0,0.0,0.0,2.3333333333333335,0.3333333333333333,0.0,0.0,0.0,0.006666666666666667,0.006666666666666667,2.063333333333333,18.25,11.4
Tom McGill,GK,Brighton,4,0.0,0.0,0.0,0.0,0.0,0.0,0.0,0.0,0.0,0.0,0.0,0.0,0.0,0.0,0.0,0.0,3.75,8.2
Tommy Doyle,MID,Wolves,4,0.0,0.0,0.0,0.0,0.0,0.0,0.0,0.0,0.0,0.0,0.0,0.0,0.0,0.0,0.0,0.0,16.0,9.8
Tomáš Souček,MID,West Ham,4,54.5,0.0,0.25,0.0,0.0,0.0,0.0,0.5,0.5,0.0,0.0,0.0,0.0925,0.005,0.0975,1.0950000000000002,5.25,9.0
Tosin Adarabioyo,DEF,Fulham,4,0.25,0.0,0.0,0.0,0.0,0.0,0.0,0.0,0.0,0.0,0.0,0.0,0.0,0.0,0.0,0.1675,10.75,11.4
Toti António Gomes,DEF,Wolves,4,6.0,0.0,0.0,0.0,0.0,0.0,0.0,0.0,0.0,0.0,0.0,0.0,0.0,0.0,0.0,0.0325,16.0,9.8
Trent Alexander-Arnold,DEF,Liverpool,4,81.5,0.0,0.25,0.25,0.0,0.0,0.0,0.75,0.75,0.5,0.0,0.0,0.0475,0.135,0.1825,1.075,5.5,9.0
Trevoh Chalobah,DEF,Chelsea,4,0.0,0.0,0.0,0.0,0.0,0.0,0.0,0.0,0.0,0.0,0.0,0.0,0.0,0.0,0.0,0.0,11.5,12.8
Tyler Adams,MID,Bournemouth,4,0.0,0.0,0.0,0.0,0.0,0.0,0.0,0.0,0.0,0.0,0.0,0.0,0.0,0.0,0.0,0.0,14.0,11.2
Tyler Onyango,MID,Everton,4,0.25,0.0,0.0,0.0,0.0,0.0,0.0,0.0,0.0,0.0,0.0,0.0,0.0,0.0,0.0,0.0,18.25,10.2
Tyrell Malacia,DEF,Man Utd,4,0.0,0.0,0.0,0.0,0.0,0.0,0.0,0.0,0.0,0.0,0.0,0.0,0.0,0.0,0.0,0.0,9.0,11.6
Tyrese Francois,MID,Fulham,4,0.0,0.0,0.0,0.0,0.0,0.0,0.0,0.0,0.0,0.0,0.0,0.0,0.0,0.0,0.0,0.0,10.75,11.4
Tyrick Mitchell,DEF,Crystal Palace,4,90.0,0.0,0.25,0.25,0.0,0.0,0.0,0.5,1.0,0.0,0.0,0.0,0.0075,0.10250000000000001,0.11,1.2000000000000002,8.5,11.4
Tyrone Mings,DEF,Aston Villa,4,7.5,0.0,0.0,0.0,0.0,0.0,0.0,0.0,0.5,0.0,0.0,0.0,0.0025,0.04,0.0425,0.27,11.5,8.8
Vicente Guaita,GK,Crystal Palace,4,0.0,0.0,0.0,0.0,0.0,0.0,0.0,0.0,0.0,0.0,0.0,0.0,0.0,0.0,0.0,0.0,8.5,11.4
Victor Lindelöf,DEF,Man Utd,4,43.25,0.0,0.0,0.0,0.0,0.0,0.0,0.0,0.25,0.25,0.0,0.0,0.0,0.005,0.005,0.955,9.0,11.6
Victor da Silva,DEF,Burnley,4,30.0,0.0,0.0,0.0,0.0,0.0,0.0,0.0,1.0,0.0,0.0,0.0,0.0,0.01,0.01,0.7366666666666667,18.75,10.8
Viljami Sinisalo,GK,Aston Villa,4,0.0,0.0,0.0,0.0,0.0,0.0,0.0,0.0,0.0,0.0,0.0,0.0,0.0,0.0,0.0,0.0,11.5,8.8
Vini de Souza Costa,MID,Sheffield Utd,4,61.75,0.0,0.0,0.0,0.0,0.0,0.0,0.0,1.25,0.25,0.0,0.0,0.015,0.0025,0.017499999999999998,1.7850000000000001,16.25,8.8
Virgil van Dijk,DEF,Liverpool,4,51.75,0.0,0.0,0.0,0.0,0.0,0.0,0.0,0.75,0.0,0.25,0.0,0.06,0.01,0.07,1.51,5.5,9.0
Vitalii Mykolenko,DEF,Everton,4,0.0,0.0,0.0,0.0,0.0,0.0,0.0,0.0,0.0,0.0,0.0,0.0,0.0,0.0,0.0,0.0,18.25,10.2
Vitaly Janelt,MID,Brentford,4,85.0,0.0,0.0,0.25,0.0,0.0,0.0,0.0,1.0,0.0,0.0,0.0,0.07250000000000001,0.045,0.1175,0.88,7.25,14.4
Vladimír Coufal,DEF,West Ham,4,90.0,0.0,0.0,0.0,0.0,0.0,0.0,0.0,1.0,0.0,0.0,0.0,0.0,0.065,0.065,1.6925000000000001,5.25,9.0
Wataru Endo,MID,Liverpool,4,29.0,0.0,0.0,0.0,0.0,0.0,0.0,0.0,0.3333333333333333,0.0,0.0,0.0,0.0,0.0033333333333333335,0.0033333333333333335,0.7799999999999999,5.5,9.0
Wayne Hennessey,GK,Nott'm Forest,4,0.0,0.0,0.0,0.0,0.0,0.0,0.0,0.0,0.0,0.0,0.0,0.0,0.0,0.0,0.0,0.0,11.75,11.0
Wes Foderingham,GK,Sheffield Utd,4,90.0,0.0,0.0,0.0,5.0,0.0,0.0,0.25,1.75,0.0,0.0,0.0,0.0,0.0,0.0,2.37,16.25,8.8
Wesley Fofana,DEF,Chelsea,4,0.0,0.0,0.0,0.0,0.0,0.0,0.0,0.0,0.0,0.0,0.0,0.0,0.0,0.0,0.0,0.0,11.5,12.8
Wesley Moraes Ferreira da Silva,FWD,Aston Villa,4,0.0,0.0,0.0,0.0,0.0,0.0,0.0,0.0,0.0,0.0,0.0,0.0,0.0,0.0,0.0,0.0,11.5,8.8
Will Hughes,MID,Crystal Palace,4,0.25,0.0,0.0,0.0,0.0,0.0,0.0,0.0,0.25,0.0,0.0,0.0,0.0,0.0,0.0,0.13,8.5,11.4
William Osula,FWD,Sheffield Utd,4,58.25,0.0,0.0,0.0,0.0,0.0,0.0,0.0,0.75,0.5,0.0,0.0,0.0725,0.015000000000000001,0.0875,1.515,16.25,8.8
William Saliba,DEF,Arsenal,4,90.0,0.0,0.25,0.25,0.0,0.0,0.0,0.5,1.0,0.0,0.0,0.0,0.01,0.02,0.030000000000000002,0.9325,4.25,9.8
Willian Borges da Silva,MID,Fulham,4,21.0,0.0,0.0,0.0,0.0,0.0,0.0,0.0,0.5,0.25,0.0,0.0,0.0175,0.0125,0.030000000000000002,1.0475,10.75,11.4
Willy Boly,DEF,Nott'm Forest,4,84.5,0.25,0.0,0.25,0.0,0.0,0.0,0.75,1.5,0.25,0.0,0.0,0.21,0.01,0.22,1.5274999999999999,11.75,11.0
Wilson Odobert,MID,Burnley,4,0.0,0.0,0.0,0.0,0.0,0.0,0.0,0.0,0.0,0.0,0.0,0.0,0.0,0.0,0.0,0.0,18.75,10.8
Wout Weghorst,FWD,Burnley,4,0.0,0.0,0.0,0.0,0.0,0.0,0.0,0.0,0.0,0.0,0.0,0.0,0.0,0.0,0.0,0.0,18.75,10.8
Yasin Ayari,MID,Brighton,4,0.0,0.0,0.0,0.0,0.0,0.0,0.0,0.0,0.0,0.0,0.0,0.0,0.0,0.0,0.0,0.0,3.75,8.2
Yasser Larouci,DEF,Sheffield Utd,4,48.75,0.0,0.0,0.0,0.0,0.0,0.0,0.0,1.25,0.0,0.0,0.0,0.042499999999999996,0.005,0.0475,1.6275,16.25,8.8
Yegor Yarmolyuk,MID,Brentford,4,0.0,0.0,0.0,0.0,0.0,0.0,0.0,0.0,0.0,0.0,0.0,0.0,0.0,0.0,0.0,0.0,7.25,14.4
Yoane Wissa,FWD,Brentford,4,82.25,0.5,0.25,0.25,0.0,0.0,0.0,1.25,1.25,0.0,0.0,0.0,0.615,0.02,0.635,1.05,7.25,14.4
Youri Tielemans,MID,Aston Villa,4,23.5,0.0,0.0,0.0,0.0,0.0,0.0,0.0,0.75,0.0,0.0,0.0,0.0,0.024999999999999998,0.024999999999999998,0.67,11.5,8.8
Youssef Ramalho Chermiti,FWD,Everton,4,6.0,0.0,0.0,0.0,0.0,0.0,0.0,0.0,0.25,0.25,0.0,0.0,0.015,0.0075,0.0225,0.1425,18.25,10.2
Yves Bissouma,MID,Spurs,4,85.75,0.0,0.0,0.5,0.0,0.0,0.0,0.0,1.0,0.25,0.0,0.0,0.052500000000000005,0.06999999999999999,0.1225,1.475,4.5,11.4
Zack Steffen,GK,Man City,4,0.0,0.0,0.0,0.0,0.0,0.0,0.0,0.0,0.0,0.0,0.0,0.0,0.0,0.0,0.0,0.0,1.75,7.8
Zeki Amdouni,FWD,Burnley,4,66.33333333333333,0.0,0.0,0.0,0.0,0.0,0.0,0.0,2.6666666666666665,0.0,0.0,0.0,0.03666666666666667,0.06666666666666667,0.10333333333333333,1.6000000000000003,18.75,10.8
Álvaro Fernández Carreras,DEF,Man Utd,4,0.0,0.0,0.0,0.0,0.0,0.0,0.0,0.0,0.0,0.0,0.0,0.0,0.0,0.0,0.0,0.0,9.0,11.6
Ângelo Gabriel Borges Damaceno,MID,Chelsea,4,0.0,0.0,0.0,0.0,0.0,0.0,0.0,0.0,0.0,0.0,0.0,0.0,0.0,0.0,0.0,0.0,11.5,12.8
